Market,Arrival Date,Arrivals (Tonnes),Variety,Minimum Price(Rs./Quintal),Maximum Price(Rs./Quintal),Modal Price(Rs./Quintal)
Aarni,01-02-2016,1,Other,8000,8400,8200
,02-02-2016,55,Other,7500,8200,8000
,03-02-2016,72,Other,7500,8400,8200
,04-02-2016,70,Other,7500,8300,7800
,05-02-2016,60,Other,7500,8391,8000
,08-02-2016,15,Other,7500,8600,8400
,09-02-2016,31,Other,7700,8800,8500
,10-02-2016,102,Other,7500,8600,8400
,11-02-2016,68,Other,7500,8450,8100
,12-02-2016,36,Other,7500,8370,8000
,17-02-2016,60,Other,7500,8270,8000
,18-02-2016,70,Other,7500,7900,7650
,22-02-2016,72,Other,7580,7710,7600
,24-02-2016,70,Other,7500,8011,7900
,26-02-2016,51,Other,7500,8200,8000
,29-02-2016,36,Other,7500,7996,7800
Achalpur,01-02-2016,80,Other,7800,8000,8000
,02-02-2016,45,Other,7800,8100,8000
,03-02-2016,20,Other,8000,8100,8000
,04-02-2016,200,Other,7300,8350,7800
,05-02-2016,45,Other,7500,8450,8155
,06-02-2016,50,Other,7400,8000,7800
,08-02-2016,114,Other,7750,8000,7900
,09-02-2016,167,Other,8000,8400,8230
,10-02-2016,10,Other,8200,8800,8455
,11-02-2016,250,Other,7800,8900,8350
,12-02-2016,179,Other,8300,8850,8525
,15-02-2016,20,Other,8000,8350,8100
,16-02-2016,80,Other,8000,8350,8085
,17-02-2016,10,Other,8000,8250,8100
,18-02-2016,300,Other,7801,8350,8100
,23-02-2016,28,Other,7700,8100,7925
,24-02-2016,10,Other,7700,8150,8000
,25-02-2016,15,Other,7800,8400,8150
,26-02-2016,232,Other,7500,8350,7940
,27-02-2016,91,Other,7500,8300,7890
,29-02-2016,60,Other,7800,8100,7900
Aheri,01-02-2016,5,Other,7190,7300,7270
,02-02-2016,3,Other,6850,7160,7050
,03-02-2016,11,Other,7000,7160,7080
,04-02-2016,11,Other,6800,7150,7050
,05-02-2016,11,Other,6900,7160,7100
,06-02-2016,7,Other,6900,7100,7000
,08-02-2016,8,Other,7100,7300,7160
,09-02-2016,5,Other,7000,7300,7200
,10-02-2016,5,Other,7200,7200,7200
,11-02-2016,10,Other,7100,7200,7150
,13-02-2016,16,Other,6900,7200,7150
,15-02-2016,5,Other,6850,7250,7150
,16-02-2016,4,Other,6920,7150,7000
,17-02-2016,18,Other,7100,7100,7100
,20-02-2016,9,Other,6500,7000,6850
Ahmednagar,02-02-2016,1,Other,6500,7000,6750
,03-02-2016,4,Other,6500,7700,7210
,04-02-2016,1,Other,6500,7500,7315
,05-02-2016,5,Other,6000,7500,7005
,06-02-2016,1,Other,6500,7500,7325
,17-02-2016,3,Other,5800,6800,6400
,20-02-2016,1,Other,6500,7500,7215
,23-02-2016,1,Other,5500,7200,6700
Ahmedpur,01-02-2016,6,Other,7900,8850,8850
,02-02-2016,2,Other,7500,8800,8800
,03-02-2016,2,Other,8300,8730,8730
,04-02-2016,2,Other,8250,8600,8600
,05-02-2016,3,Other,8300,8700,8700
,06-02-2016,4,Other,8300,8600,8600
,09-02-2016,4,Other,8400,8700,8700
,10-02-2016,2,Other,8400,8700,8700
,11-02-2016,2,Other,8475,8600,8600
,12-02-2016,4,Other,8501,8671,8671
,13-02-2016,3,Other,8300,8580,8560
,16-02-2016,1,Other,7800,8605,8605
,17-02-2016,1,Other,8100,8440,8440
,18-02-2016,2,Other,8000,8250,8250
,20-02-2016,2,Other,7951,8151,8151
,22-02-2016,1,Other,7950,8000,8000
,24-02-2016,2,Other,8035,8200,8200
,25-02-2016,2,Other,8000,8150,8150
,26-02-2016,4,Other,7500,8245,8245
,29-02-2016,4,Other,7900,8200,8200
Akhadabalapur,03-02-2016,4,Other,7500,8000,7750
,06-02-2016,4,Other,7500,8000,7750
,10-02-2016,5,Other,7500,8000,7750
,12-02-2016,5,Other,7500,8000,7750
,13-02-2016,6,Other,7500,8000,7750
,15-02-2016,12,Other,7500,8000,7750
,19-02-2016,4,Other,7000,7500,7250
,26-02-2016,3,Other,7500,8000,7750
Akkalkot,02-02-2016,18,Other,8500,9000,8800
,03-02-2016,6,Other,8400,8650,8500
,04-02-2016,5,Other,8200,8800,8500
,05-02-2016,5,Other,8500,8850,8700
,09-02-2016,13,Other,8200,8900,8600
,10-02-2016,2,Other,8100,8900,8500
,12-02-2016,7,Other,8500,8900,8800
,16-02-2016,9,Other,7800,8800,8600
,17-02-2016,1,Other,7800,8200,8000
,18-02-2016,1,Other,8000,8300,8200
,22-02-2016,4,Other,7800,8200,7900
,25-02-2016,1,Other,8000,8500,8200
,29-02-2016,7,Other,7700,8400,8000
Akkalkuwa,08-02-2016,22,Other,6700,7500,7000
Akola,01-02-2016,178,Other,7800,8800,8250
,02-02-2016,140,Other,7800,8600,8250
,03-02-2016,102,Other,7750,8300,8025
,04-02-2016,141,Other,7900,8530,8200
,05-02-2016,442,Other,7500,8665,8050
,06-02-2016,136,Other,7550,8700,8150
,08-02-2016,134,Other,7500,8600,8000
,09-02-2016,139,Other,7700,8745,8300
,10-02-2016,171,Other,8195,8900,8550
,11-02-2016,118,Other,8100,8900,8500
,12-02-2016,126,Other,7900,8790,8345
,13-02-2016,179,Other,7950,8785,8370
,15-02-2016,86,Other,7600,8500,8050
,16-02-2016,178,Other,7650,8545,8100
,17-02-2016,192,Other,7500,8790,7995
,20-02-2016,98,Other,7400,8355,7880
,22-02-2016,63,Other,6510,7960,7500
,23-02-2016,86,Other,6600,7690,7145
,24-02-2016,116,Other,7075,8100,7590
,25-02-2016,113,Other,6800,8300,7550
,26-02-2016,168,Other,7200,8500,7850
,27-02-2016,93,Other,7300,8365,7850
,29-02-2016,46,Other,7305,8300,7800
Akot,01-02-2016,150,Other,7305,8355,7830
,02-02-2016,60,Other,7300,8450,7875
,03-02-2016,75,Other,7255,8475,7865
,04-02-2016,53,Other,6900,8575,7738
,05-02-2016,55,Other,7000,7800,7400
,06-02-2016,127,Other,7100,8300,7700
,08-02-2016,55,Other,7700,8470,8085
,09-02-2016,30,Other,7520,8800,8160
,10-02-2016,93,Other,7550,8800,8175
,11-02-2016,49,Other,7575,8730,8153
,13-02-2016,118,Other,7440,8400,7920
,15-02-2016,83,Other,7450,8275,7863
,16-02-2016,30,Other,7500,8250,7875
,17-02-2016,75,Other,7290,8400,7845
,18-02-2016,38,Other,7255,8200,7728
,20-02-2016,68,Other,7100,7800,7450
,22-02-2016,30,Other,6835,7480,7158
,23-02-2016,16,Other,7140,7700,7420
,24-02-2016,27,Other,6895,8000,7448
,25-02-2016,28,Other,7300,8295,7798
,27-02-2016,63,Other,7200,8120,7660
,29-02-2016,28,Other,7250,7950,7600
Amalner,02-02-2016,1,Other,8000,8200,8100
Amarawati,01-02-2016,405,Other,8250,8701,8475
,02-02-2016,495,Other,8250,8700,8525
,04-02-2016,186,Other,8250,8680,8465
,05-02-2016,367,Other,8250,8900,8575
,06-02-2016,144,Other,8250,8800,8525
,09-02-2016,149,Other,8300,8900,8600
,10-02-2016,446,Other,8350,9020,8685
,12-02-2016,417,Other,8500,8900,8700
,13-02-2016,316,Other,8200,8411,8305
,20-02-2016,179,Other,7500,8100,7800
,22-02-2016,523,Other,7350,7940,7605
,24-02-2016,100,Other,8000,8500,8250
,29-02-2016,99,Other,7850,8200,8025
Ambejaogai,01-02-2016,1,Other,7500,8400,8000
,02-02-2016,1,Other,7000,8200,7500
,03-02-2016,1,Other,7000,8200,7500
,05-02-2016,1,Other,6700,7800,7200
,09-02-2016,1,Other,7200,8000,7500
,10-02-2016,1,Other,6800,8000,7500
,11-02-2016,1,Other,7000,8000,7500
,15-02-2016,2,Other,6900,8000,7500
,16-02-2016,1,Other,6800,7600,7000
,17-02-2016,3,Other,6800,8000,7500
,18-02-2016,1,Other,6800,7700,7300
,22-02-2016,1,Other,6220,7200,6500
,26-02-2016,2,Other,7000,8350,7500
,27-02-2016,5,Other,6000,8340,7800
Anajngaon,03-02-2016,98,Other,7500,8300,7850
,05-02-2016,47,Other,7500,8200,7900
,06-02-2016,96,Other,8500,9200,8850
,07-02-2016,67,Other,7500,8300,7900
,10-02-2016,80,Other,8250,8450,8275
,12-02-2016,65,Other,7500,8400,8100
,14-02-2016,64,Other,7800,8300,8050
,17-02-2016,72,Other,7500,8125,8040
,21-02-2016,71,Other,7000,7700,7350
,24-02-2016,74,Other,7700,8100,7950
,26-02-2016,45,Other,7700,8100,7950
,28-02-2016,41,Other,7500,8000,7750
Arvi,01-02-2016,46,Other,7500,8150,7770
,03-02-2016,38,Other,7400,8255,7900
,05-02-2016,35,Other,7600,8400,7900
,06-02-2016,84,Other,7450,8500,8275
,08-02-2016,124,Other,7700,8450,8050
,09-02-2016,128,Other,7700,8400,8100
,10-02-2016,130,Other,7600,8500,8100
,12-02-2016,90,Other,7550,8425,8000
,13-02-2016,86,Other,7560,8100,7800
,15-02-2016,37,Other,7600,8200,7950
,16-02-2016,42,Other,7500,8180,7900
,17-02-2016,38,Other,7550,8000,7800
,20-02-2016,49,Other,7150,7600,7400
,22-02-2016,25,Other,7000,7620,7350
,23-02-2016,18,Other,7200,7770,7450
,24-02-2016,35,Other,7350,8000,7700
,26-02-2016,37,Other,7350,8000,7700
,27-02-2016,20,Other,7550,8100,7800
,29-02-2016,30,Other,7300,7900,7650
Ashti(Jalna),01-02-2016,2,Other,7425,7751,7650
,04-02-2016,1,Other,7281,7660,7600
,27-02-2016,1,Other,6000,7341,7280
Ashti(Karanja),01-02-2016,15,Other,7000,8400,7800
,02-02-2016,9,Other,7000,7480,7200
,03-02-2016,12,Other,7000,7650,7300
,04-02-2016,19,Other,7200,7600,7300
,05-02-2016,13,Other,7000,7450,7350
,07-02-2016,20,Other,7000,7770,7350
,08-02-2016,11,Other,7000,7700,7500
,09-02-2016,14,Other,7000,8000,7500
,10-02-2016,15,Other,6500,8020,7700
,11-02-2016,772,Other,7000,8100,7500
,12-02-2016,15,Other,7000,8000,7500
,14-02-2016,13,Other,7280,7775,7500
,15-02-2016,15,Other,7000,7610,7300
,16-02-2016,13,Other,7000,7690,7300
,17-02-2016,12,Other,7000,7650,7350
,18-02-2016,8,Other,7000,7575,7300
,19-02-2016,10,Other,6600,7390,7000
,21-02-2016,18,Other,6500,7240,7000
,22-02-2016,12,Other,6500,7060,6800
,23-02-2016,9,Other,6000,7000,6500
,24-02-2016,10,Other,7050,7560,7250
,25-02-2016,5,Other,7250,7450,7300
,26-02-2016,15,Other,7000,7580,7250
,28-02-2016,7,Other,6800,7500,7200
Aurad Shahajani,01-02-2016,21,Other,8800,9200,9000
Ausa,01-02-2016,7,Other,7000,9011,8801
,02-02-2016,1,Other,8200,8300,8250
,04-02-2016,9,Other,7700,8751,8401
,05-02-2016,1,Other,8100,8552,8400
,07-02-2016,6,Other,7501,8360,8201
,08-02-2016,1,Other,7511,8402,8051
,10-02-2016,1,Other,7951,8301,8151
,11-02-2016,5,Other,7500,8551,8201
,14-02-2016,5,Other,7911,8451,8301
,15-02-2016,1,Other,7001,8301,8201
,24-02-2016,1,Other,7700,8001,7800
,25-02-2016,3,Other,7201,8051,7801
,26-02-2016,1,Other,7500,8101,7600
,28-02-2016,2,Other,7001,8101,7801
Babhulgaon,02-02-2016,50,Other,7001,8501,7801
,03-02-2016,50,Other,7751,8501,8101
,05-02-2016,40,Other,7001,8451,7701
,10-02-2016,40,Other,7401,8401,8001
,12-02-2016,35,Other,7751,8425,8101
,13-02-2016,23,Other,7550,8280,7900
,15-02-2016,28,Other,7400,8251,7851
,16-02-2016,25,Other,7000,7991,7501
,17-02-2016,30,Other,7501,8101,7801
,22-02-2016,25,Other,7001,7910,7451
,23-02-2016,26,Other,7001,8031,7500
,24-02-2016,20,Other,7001,8001,7501
Balapur,07-02-2016,48,Other,6500,8200,8000
,14-02-2016,60,Other,7000,8300,8000
,28-02-2016,35,Other,7500,8000,7800
Baramati,04-02-2016,3,Other,6800,7751,7400
,08-02-2016,6,Other,5000,7390,7000
,11-02-2016,15,Other,5000,7300,7050
,15-02-2016,6,Other,5000,7351,7100
,18-02-2016,5,Other,5500,7300,7100
,22-02-2016,11,Other,5000,6850,6500
,29-02-2016,3,Other,6300,6600,6600
Barshi,01-02-2016,2,,NR,NR,NR
,02-02-2016,4,,NR,NR,NR
,03-02-2016,1,,NR,NR,NR
,04-02-2016,2,,NR,NR,NR
,06-02-2016,1,,NR,NR,NR
,09-02-2016,1,,NR,NR,NR
,12-02-2016,1,,NR,NR,NR
,13-02-2016,5,,NR,NR,NR
,15-02-2016,1,,NR,NR,NR
,17-02-2016,5,,NR,NR,NR
,22-02-2016,1,,NR,NR,NR
,23-02-2016,2,Other,7000,7000,7000
,25-02-2016,1,,NR,NR,NR
,26-02-2016,2,,NR,NR,NR
,29-02-2016,8,Other,7000,7500,7001
Barshi(Vairag),01-02-2016,4,Other,7000,7381,7250
,02-02-2016,4,Other,6900,7301,7001
,04-02-2016,6,Other,6000,7600,7201
,05-02-2016,9,Other,6011,7950,7200
,06-02-2016,6,Other,5500,7500,7100
,09-02-2016,2,Other,6701,7800,7401
,11-02-2016,4,Other,7201,8000,7601
,12-02-2016,4,Other,7400,8100,7750
,13-02-2016,2,Other,6250,7600,7011
,15-02-2016,1,Other,6500,7201,6500
,18-02-2016,7,Other,5500,6700,6500
,20-02-2016,6,Other,5000,6551,6400
Basmat,02-02-2016,5,Other,7250,7800,7600
,05-02-2016,1,Other,7200,7690,7400
,11-02-2016,1,Other,7800,7950,7900
,24-02-2016,2,Other,7500,7980,7700
Beed,03-02-2016,5,Other,6200,8241,7800
,05-02-2016,4,Other,6800,8200,7800
,06-02-2016,2,Other,7301,8050,7801
,09-02-2016,9,Other,7700,8301,8000
,10-02-2016,5,Other,8000,8651,8200
,11-02-2016,6,Other,7600,8300,8000
,12-02-2016,3,Other,6800,8200,7900
Bhandara,08-02-2016,1,Other,6800,6800,6800
,09-02-2016,2,Other,6700,7200,7000
,11-02-2016,2,Other,6900,7100,7000
,12-02-2016,2,Other,6800,7100,7040
,15-02-2016,1,Other,6700,7000,6900
,16-02-2016,1,Other,6700,7050,7000
,18-02-2016,2,Other,6600,6800,6680
,20-02-2016,2,Other,6400,6600,6550
,23-02-2016,4,Other,6500,6600,6565
,25-02-2016,2,Other,6700,6700,6700
,26-02-2016,2,Other,6800,7000,6995
,27-02-2016,3,Other,6900,6900,6900
,29-02-2016,4,Other,6800,6900,6890
Bhiwapur,07-02-2016,12,Other,7100,7150,7125
,11-02-2016,11,Other,7050,7605,7550
,14-02-2016,12,Other,7400,7695,7670
,21-02-2016,33,Other,6300,6700,6500
,25-02-2016,27,Other,6500,7350,7000
,28-02-2016,59,Other,7000,7200,7100
Bhokar,01-02-2016,13,Other,8000,8451,8200
,02-02-2016,13,Other,7900,8291,8100
,03-02-2016,4,Other,8000,8300,8150
,05-02-2016,30,Other,8000,8471,8200
,06-02-2016,15,Other,8000,8441,8250
,08-02-2016,17,Other,8000,8671,8400
,09-02-2016,27,Other,8000,8750,8300
,10-02-2016,31,Other,8300,8675,8500
,12-02-2016,33,Other,8000,8400,8200
,13-02-2016,9,Other,8000,8431,8200
,15-02-2016,12,Other,8000,8441,8250
,16-02-2016,2,Other,8000,8440,8200
,17-02-2016,15,Other,7800,8100,7900
,19-02-2016,26,Other,7851,7900,7851
,20-02-2016,7,Other,7000,7500,7300
,22-02-2016,7,Other,7200,7600,7400
,23-02-2016,12,Other,7000,7500,7400
,24-02-2016,11,Other,7400,8100,7900
,26-02-2016,3,Other,7900,8250,8100
,27-02-2016,19,Other,7900,8100,8000
,29-02-2016,32,Other,7700,8000,7800
Bhokardan,06-02-2016,2,Other,7000,7500,7300
,07-02-2016,1,Other,7000,7700,7500
,13-02-2016,3,Other,7500,7900,7700
,20-02-2016,2,Other,7000,7300,7100
,21-02-2016,1,Other,7000,7400,7200
,27-02-2016,2,Other,7100,7700,7500
Bhokardan(Pimpalgaon Renu),02-02-2016,2,Other,7000,7200,7100
,09-02-2016,1,Other,7300,7500,7400
,16-02-2016,1,Other,7000,7500,7300
,23-02-2016,1,Other,6500,7000,6700
Bori Arab,02-02-2016,1,Other,8000,8000,8000
,05-02-2016,1,Other,8000,8000,8000
,06-02-2016,1,Other,8100,8100,8100
,08-02-2016,1,Other,7900,7900,7900
,09-02-2016,1,Other,8000,8000,8000
,10-02-2016,1,Other,8000,8200,8100
,11-02-2016,1,Other,8000,8000,8000
,12-02-2016,1,Other,8000,8000,8000
,13-02-2016,1,Other,7900,8100,8000
,15-02-2016,1,Other,8000,8000,8000
,18-02-2016,1,Other,6900,6900,6900
,24-02-2016,1,Other,7500,8100,8000
,27-02-2016,1,Other,8000,8000,8000
Buldhana(Dhad),03-02-2016,27,Other,7600,8500,8000
,10-02-2016,4,Other,7600,8200,8000
,12-02-2016,12,Other,7800,8200,8000
,14-02-2016,9,Other,7800,8400,8100
,18-02-2016,27,Other,7500,8500,8000
,19-02-2016,21,Other,7000,7600,7300
,21-02-2016,30,Other,6000,8000,7000
,26-02-2016,24,Other,7600,8000,7800
,28-02-2016,9,Other,7600,8000,7800
Chakur,05-02-2016,1,Other,8700,9002,8849
,12-02-2016,2,Other,8400,8639,8451
,18-02-2016,1,Other,8041,8276,8100
,26-02-2016,1,Other,6551,8181,7913
Chalisgaon,01-02-2016,1,Other,6900,7900,7600
,02-02-2016,1,Other,7000,7475,7350
,03-02-2016,1,Other,7000,7600,7390
,04-02-2016,1,Other,7000,7679,7500
,05-02-2016,1,Other,6000,7400,7350
,08-02-2016,1,Other,6800,7450,7000
,09-02-2016,1,Other,6900,7700,7450
,10-02-2016,1,Other,6600,7800,7500
,11-02-2016,1,Other,7000,7660,7450
,12-02-2016,1,Other,7000,7553,7450
,15-02-2016,1,Other,6700,7460,7000
,16-02-2016,1,Other,6900,7450,7250
,17-02-2016,1,Other,6600,7300,7000
,18-02-2016,1,Other,6700,7400,7350
,22-02-2016,1,Other,7000,7500,7350
,23-02-2016,1,Other,6000,7000,6500
,24-02-2016,2,Other,6300,7370,6951
,25-02-2016,2,Other,6300,7200,7000
,26-02-2016,2,Other,6400,7300,7000
,29-02-2016,2,Other,6000,7200,7000
Chandrapur,02-02-2016,7,Other,6780,7355,7255
,08-02-2016,7,Other,7105,7715,7400
,09-02-2016,7,Other,7200,7795,7550
,10-02-2016,9,Other,7300,7750,7550
,11-02-2016,12,Other,7000,7795,7450
,12-02-2016,8,Other,7290,7595,7480
,13-02-2016,10,Other,7200,7460,7340
,15-02-2016,6,Other,7200,7460,7340
,16-02-2016,3,Other,7100,7230,7180
,17-02-2016,10,Other,6900,7200,7050
,18-02-2016,5,Other,6900,7250,7110
,19-02-2016,5,Other,6750,7295,7075
,22-02-2016,4,Other,6200,6795,6480
,23-02-2016,7,Other,6600,7000,6800
,24-02-2016,8,Other,6850,7255,7050
,25-02-2016,7,Other,6800,7510,7350
,26-02-2016,4,Other,6490,7425,7250
Chandur Bazar,03-02-2016,82,Other,7500,8310,8119
,07-02-2016,212,Other,7826,8517,8382
,10-02-2016,142,Other,7900,8691,8451
,14-02-2016,230,Other,7500,8200,8050
,17-02-2016,57,Other,7000,7901,7685
,23-02-2016,105,Other,7000,7570,7351
,24-02-2016,21,Other,7400,8111,7912
,28-02-2016,91,Other,7000,8026,7815
Chandur Railway,01-02-2016,17,Other,7200,8600,8000
,02-02-2016,15,Other,7000,8600,8250
,03-02-2016,13,Other,7500,8570,8150
,04-02-2016,12,Other,7400,9010,8500
,06-02-2016,20,Other,7000,8611,8050
,08-02-2016,21,Other,7480,8750,8350
,09-02-2016,11,Other,7976,8950,8550
,10-02-2016,19,Other,8000,9050,8650
,11-02-2016,16,Other,7731,8570,8150
,12-02-2016,19,Other,7500,8910,8560
,13-02-2016,13,Other,7600,8418,8280
,15-02-2016,13,Other,7300,8426,8050
,16-02-2016,16,Other,7257,8211,7950
,17-02-2016,11,Other,7200,8076,7950
,18-02-2016,15,Other,7151,8351,7950
,20-02-2016,15,Other,7300,8110,7920
,22-02-2016,8,Other,7411,8125,7850
,23-02-2016,6,Other,7300,7805,7700
,24-02-2016,7,Other,6700,8001,7750
,25-02-2016,8,Other,7800,8605,8400
,26-02-2016,9,Other,7805,8350,8150
,27-02-2016,11,Other,7700,8311,8100
,29-02-2016,11,Other,7500,8225,7900
Chikali,01-02-2016,27,Other,7001,8430,7715
,02-02-2016,42,Other,6600,8350,7475
,03-02-2016,23,Other,7001,8500,7750
,04-02-2016,26,Other,7000,8440,7702
,05-02-2016,26,Other,6900,8430,7665
,06-02-2016,24,Other,6951,8401,7676
,08-02-2016,48,Other,7000,8700,7850
,09-02-2016,21,Other,7001,8363,7682
,10-02-2016,28,Other,7100,8760,7930
,11-02-2016,22,Other,7050,8600,7825
,12-02-2016,23,Other,7200,8600,7900
,13-02-2016,24,Other,7100,8400,7750
,15-02-2016,25,Other,6801,8400,7600
,16-02-2016,25,Other,6900,8311,7605
,17-02-2016,19,Other,6800,8050,7425
,18-02-2016,15,Other,6700,7950,7325
,20-02-2016,17,Other,6100,7700,6900
,22-02-2016,9,Other,6000,7600,6800
,23-02-2016,14,Other,6300,7840,7070
,24-02-2016,5,Other,6300,8241,7270
,25-02-2016,12,Other,6500,8450,7475
,26-02-2016,13,Other,6500,8421,7410
,27-02-2016,29,Other,6000,8122,7061
,29-02-2016,12,Other,6401,8150,7275
Chimur,01-02-2016,1,Other,6500,7100,6900
,02-02-2016,1,Other,7150,7211,7175
,04-02-2016,1,Other,7200,7501,7395
,05-02-2016,3,Other,7100,7500,7200
,06-02-2016,1,Other,6000,7401,7200
,08-02-2016,4,Other,7300,7711,7541
,09-02-2016,3,Other,7200,7700,7400
,10-02-2016,1,Other,7200,7500,7400
,11-02-2016,4,Other,7000,7600,7500
,12-02-2016,3,Other,7300,7510,7400
,13-02-2016,1,Other,6500,7450,7300
,15-02-2016,2,Other,7000,7200,7100
,16-02-2016,2,Other,7100,7281,7200
,17-02-2016,1,Other,7000,7300,7200
,18-02-2016,2,Other,6540,7000,6700
,19-02-2016,1,Other,6400,6600,6500
,20-02-2016,3,Other,5400,6600,5500
,22-02-2016,1,Other,6200,6511,6300
,24-02-2016,3,Other,6200,7151,6700
,25-02-2016,4,Other,6500,7211,6700
,26-02-2016,3,Other,6800,7331,7000
,27-02-2016,1,Other,6500,7200,7000
,29-02-2016,7,Other,6500,7210,7000
Chopada,06-02-2016,1,Other,7000,7851,7850
,08-02-2016,1,Other,6700,7952,7951
,23-02-2016,2,Other,6900,7600,7100
Daryapur,02-02-2016,134,Other,7205,8550,8230
,03-02-2016,103,Other,6540,8450,8270
,05-02-2016,82,Other,7000,8850,8400
,06-02-2016,140,Other,6700,8560,8380
,08-02-2016,109,Other,5355,8600,8350
,09-02-2016,96,Other,7570,8925,8600
,10-02-2016,107,Other,7740,8820,8685
,12-02-2016,151,Other,7000,8780,8580
,13-02-2016,101,Other,7000,8405,8270
,14-02-2016,45,Other,7000,8365,8250
,15-02-2016,45,Other,7000,8265,8250
,16-02-2016,38,Other,7200,8370,8170
,17-02-2016,53,Other,6800,8350,8200
,20-02-2016,74,Other,6300,8100,7860
,22-02-2016,40,Other,6880,7670,7465
,23-02-2016,23,Other,6145,7810,7650
,24-02-2016,24,Other,6540,8240,7920
,26-02-2016,67,Other,6500,8605,8430
,27-02-2016,108,Other,7000,8475,7900
,29-02-2016,63,Other,6000,8100,7750
Deglur,03-02-2016,1,,NR,NR,NR
,05-02-2016,2,,NR,NR,NR
,10-02-2016,1,,NR,NR,NR
,11-02-2016,7,Other,7651,8520,8200
,16-02-2016,8,Other,7400,8350,8075
,27-02-2016,15,Other,7000,8251,8000
,29-02-2016,6,Other,7500,8100,7851
Deoulgaon Raja,01-02-2016,4,Other,7301,8100,8000
,03-02-2016,5,Other,6500,7800,7500
,04-02-2016,4,Other,7000,7850,7500
,05-02-2016,2,Other,7200,7600,7500
,06-02-2016,7,Other,6800,7876,7700
,09-02-2016,4,Other,6200,7800,7500
,10-02-2016,2,Other,6800,7900,7500
,11-02-2016,2,Other,7300,7800,7500
,12-02-2016,1,Other,7000,7900,7500
,13-02-2016,5,Other,6500,7901,7500
,15-02-2016,3,Other,7000,7800,7500
,16-02-2016,2,Other,7000,7700,7500
,17-02-2016,2,Other,7200,7700,7500
,18-02-2016,3,Other,5600,7811,7500
,20-02-2016,7,Other,6500,7500,7300
,22-02-2016,4,Other,5600,7500,7400
,23-02-2016,3,Other,6500,7400,7300
,24-02-2016,2,Other,6600,7300,7200
,25-02-2016,2,Other,6901,7600,7300
,26-02-2016,1,Other,6700,7500,7200
,27-02-2016,4,Other,5000,7712,7500
,29-02-2016,1,Other,6100,7901,7500
Devala,09-02-2016,1,Other,6800,7045,6900
,12-02-2016,1,Other,6750,7250,7000
,18-02-2016,1,Other,5605,7130,6855
Dhamngaon-Railway,01-02-2016,120,Other,8000,8700,8350
,02-02-2016,100,Other,8000,8700,8300
,05-02-2016,130,Other,7400,8750,8000
,09-02-2016,140,Other,7800,9000,8500
,10-02-2016,140,Other,7500,9000,8000
,11-02-2016,120,Other,7700,8985,8000
,12-02-2016,110,Other,7300,8700,8000
,15-02-2016,101,Other,7400,8600,8000
,17-02-2016,110,Other,7500,8200,7800
,18-02-2016,80,Other,7000,8185,7600
,20-02-2016,90,Other,6000,8200,7000
,23-02-2016,60,Other,7000,8250,7500
,24-02-2016,60,Other,7500,8800,8000
,29-02-2016,60,Other,7500,8110,7580
Dharmabad,02-02-2016,4,,NR,NR,NR
,03-02-2016,8,,NR,NR,NR
,04-02-2016,2,,NR,NR,NR
,05-02-2016,2,,NR,NR,NR
,06-02-2016,9,,NR,NR,NR
,09-02-2016,5,,NR,NR,NR
,10-02-2016,4,,NR,NR,NR
,11-02-2016,7,,NR,NR,NR
,12-02-2016,6,,NR,NR,NR
,13-02-2016,7,,NR,NR,NR
,15-02-2016,4,,NR,NR,NR
,16-02-2016,7,,NR,NR,NR
,17-02-2016,7,,NR,NR,NR
,18-02-2016,5,,NR,NR,NR
,20-02-2016,3,,NR,NR,NR
,22-02-2016,1,,NR,NR,NR
,24-02-2016,1,,NR,NR,NR
,25-02-2016,7,,NR,NR,NR
,26-02-2016,6,Other,6300,8000,7400
,27-02-2016,5,,NR,NR,NR
,29-02-2016,7,,NR,NR,NR
Dharni,16-02-2016,16,Other,7500,7600,7550
,28-02-2016,20,Other,7500,7600,7550
Dhule,02-02-2016,3,Other,6115,8200,7000
,03-02-2016,1,Other,6500,7600,7305
,04-02-2016,2,Other,5850,7565,6500
,06-02-2016,1,Other,5500,8500,7000
,09-02-2016,1,Other,5000,7600,6800
,10-02-2016,2,Other,5000,7705,7605
,11-02-2016,1,Other,6200,6950,6950
,12-02-2016,2,Other,5900,7030,7005
,16-02-2016,1,Other,6000,7405,6750
,17-02-2016,1,Other,5800,6050,6050
,23-02-2016,1,Other,6500,7500,7000
,24-02-2016,1,Other,6105,7350,7200
,25-02-2016,1,Other,6300,7350,7055
,26-02-2016,1,Other,5500,7280,7000
,27-02-2016,1,Other,5500,7280,7000
Digras,01-02-2016,37,Other,8075,8410,8265
,02-02-2016,21,Other,7600,8150,7865
,03-02-2016,8,Other,7750,8230,7965
,04-02-2016,13,Other,7705,8190,7895
,05-02-2016,24,Other,7550,8200,7995
,08-02-2016,37,Other,7700,8495,8295
,09-02-2016,26,Other,8090,8490,8365
,10-02-2016,22,Other,8050,8570,8365
,11-02-2016,16,Other,8080,8460,8265
,12-02-2016,33,Other,8050,8470,8365
,15-02-2016,11,Other,7835,8315,8265
,16-02-2016,27,Other,7760,8195,7965
,17-02-2016,10,Other,7750,8040,7895
,18-02-2016,8,Other,7700,8045,7965
,22-02-2016,12,Other,7150,7630,7465
,23-02-2016,12,Other,7200,7675,7495
,24-02-2016,1,Other,7300,7720,7300
,25-02-2016,5,Other,7700,8050,7955
,26-02-2016,17,Other,7490,8025,7895
,29-02-2016,12,Other,7575,7905,7865
Dondaicha,01-02-2016,3,Other,8000,8351,8140
,02-02-2016,3,Other,7200,7953,7701
,03-02-2016,1,Other,7000,7691,7500
,04-02-2016,3,Other,6800,7772,7300
,05-02-2016,2,Other,7100,8013,7612
,08-02-2016,1,Other,7000,7700,7400
,09-02-2016,2,Other,6300,7622,7500
,10-02-2016,1,Other,7000,7501,7301
,11-02-2016,2,Other,7100,7501,7451
,12-02-2016,2,Other,7001,7700,7351
,16-02-2016,2,Other,7000,7200,7151
,18-02-2016,1,Other,6000,7401,7200
,22-02-2016,2,Other,6001,6900,6700
,23-02-2016,2,Other,5500,7201,7000
,24-02-2016,1,Other,6500,6900,6800
,26-02-2016,2,Other,6200,6700,6500
,29-02-2016,1,Other,6200,6700,6300
Dound,02-02-2016,5,Other,7000,7700,7500
,09-02-2016,4,Other,6800,7500,7200
,16-02-2016,1,Other,6900,7300,7200
,23-02-2016,2,Other,6701,7200,7000
Dudhani,01-02-2016,198,Other,7800,9515,8600
,02-02-2016,21,Other,7400,9000,8215
,03-02-2016,73,Other,7600,9100,8200
,04-02-2016,42,Other,7150,9200,8860
,05-02-2016,47,Other,7970,9250,8385
,09-02-2016,32,Other,7400,9150,8460
,11-02-2016,82,Other,7650,9050,8370
,12-02-2016,44,Other,7700,9000,8380
,13-02-2016,34,Other,7400,9050,8350
,15-02-2016,12,Other,7025,8675,8330
,16-02-2016,14,Other,7200,8740,8200
,17-02-2016,82,Other,7390,8730,8610
,18-02-2016,140,Other,7190,8625,8450
,19-02-2016,2,Other,7500,8400,8290
,20-02-2016,65,Other,7400,8550,8450
,22-02-2016,110,Other,6500,8550,8500
,23-02-2016,109,Other,6865,8600,8510
,24-02-2016,167,Other,7600,8700,8275
,25-02-2016,118,Other,7105,8860,8750
,26-02-2016,11,Other,7400,8370,8000
,27-02-2016,12,Other,7100,8430,8145
,29-02-2016,7,Other,6800,8435,8030
Gangapur,01-02-2016,1,,NR,NR,NR
,02-02-2016,1,,NR,NR,NR
,03-02-2016,1,,NR,NR,NR
,06-02-2016,1,,NR,NR,NR
,08-02-2016,1,,NR,NR,NR
,09-02-2016,1,,NR,NR,NR
,10-02-2016,1,,NR,NR,NR
,12-02-2016,1,,NR,NR,NR
,15-02-2016,1,,NR,NR,NR
Gevrai,02-02-2016,14,Other,7500,8410,8250
,10-02-2016,16,,NR,NR,NR
,16-02-2016,14,Other,7400,8300,7900
,17-02-2016,9,Other,7700,8301,8000
,18-02-2016,9,Other,7000,8201,7500
,20-02-2016,9,Other,6900,8000,7400
,29-02-2016,4,Other,6800,7900,7200
Ghansawangi,03-02-2016,21,Other,6800,7500,7200
,04-02-2016,3,Other,7000,7200,7100
,10-02-2016,13,Other,7300,7800,7500
,11-02-2016,5,Other,7500,7700,7600
,17-02-2016,7,Other,6800,7200,7000
,24-02-2016,6,Other,7000,7500,7200
Ghatanji,01-02-2016,40,Other,7600,7950,7780
,02-02-2016,74,Other,7300,7850,7650
,04-02-2016,12,Other,7600,8000,7800
,05-02-2016,37,Other,7500,8000,7800
,08-02-2016,45,Other,7800,8500,8000
,10-02-2016,50,Other,7800,8500,8000
,11-02-2016,23,Other,7800,8305,8000
,12-02-2016,75,Other,7800,8400,8000
,15-02-2016,85,Other,7800,8400,8000
,16-02-2016,18,Other,7650,8050,7850
,18-02-2016,14,Other,7100,7725,7500
,22-02-2016,8,Other,7000,8100,7500
,23-02-2016,9,Other,7000,7400,7200
,24-02-2016,8,Other,6900,7775,7000
,25-02-2016,19,Other,7000,8100,7580
,26-02-2016,10,Other,7500,8200,7850
,29-02-2016,14,Other,7000,8100,7500
Gondpimpri,09-02-2016,3,Other,7100,7300,7200
,10-02-2016,3,Other,7000,7200,7100
,18-02-2016,3,Other,6700,7200,7000
Hadgaon,01-02-2016,20,Other,8100,8500,8350
,02-02-2016,10,Other,8100,8500,8300
,03-02-2016,17,Other,8100,8500,8350
,04-02-2016,13,Other,8100,8500,8300
,06-02-2016,4,Other,8100,8500,8300
,08-02-2016,13,Other,8150,8500,8300
,09-02-2016,18,Other,8100,8500,8200
,10-02-2016,18,Other,8100,8500,8300
,11-02-2016,6,Other,8150,8300,8200
,12-02-2016,11,Other,8100,8500,8300
,13-02-2016,13,Other,8100,8500,8350
,15-02-2016,15,Other,8100,8500,8300
,16-02-2016,19,Other,8100,8500,8300
,17-02-2016,12,Other,8000,8300,8150
,18-02-2016,20,Other,8100,8500,8200
,22-02-2016,21,Other,7800,8000,7900
,24-02-2016,16,Other,8100,8500,8200
,25-02-2016,25,Other,7100,7500,7350
,26-02-2016,14,Other,7100,7500,7300
,29-02-2016,19,Other,7500,8000,7800
Hadgaon(Tamsa),01-02-2016,21,Other,8100,8500,8350
,02-02-2016,19,Other,8100,8500,8200
,03-02-2016,16,Other,8100,8500,8300
,04-02-2016,7,Other,8100,8500,8300
,05-02-2016,11,Other,8100,8500,8350
,06-02-2016,9,Other,8100,8500,8350
,08-02-2016,25,Other,8200,8500,8300
,09-02-2016,25,Other,8100,8500,8300
,11-02-2016,8,Other,8100,8500,8200
,12-02-2016,11,Other,8100,8500,8300
,13-02-2016,21,Other,8100,8500,8300
,15-02-2016,25,Other,8100,8500,8300
,17-02-2016,25,Other,8200,8500,8300
,18-02-2016,20,Other,8100,8500,8250
,22-02-2016,13,Other,8100,8300,8200
,23-02-2016,21,Other,8100,8200,8150
,24-02-2016,16,Other,8100,8300,8200
,25-02-2016,18,Other,7100,7500,7200
,28-02-2016,23,Other,7200,7800,7500
,29-02-2016,21,Other,7100,7500,7200
Himalyatnagar,01-02-2016,1,Other,8100,8380,8210
,02-02-2016,3,Other,8050,8300,8200
,03-02-2016,3,Other,8200,8400,8300
,09-02-2016,2,Other,8100,8400,8300
,10-02-2016,2,Other,8350,8520,8420
,12-02-2016,2,Other,8310,8460,8390
,15-02-2016,1,Other,8200,8430,8340
,17-02-2016,2,Other,8300,8430,8390
,22-02-2016,2,Other,8210,8360,8290
,24-02-2016,2,Other,8200,8400,8300
,26-02-2016,2,Other,8300,8410,8370
Hinganghat,01-02-2016,644,Other,7000,8545,8000
,02-02-2016,405,Other,7000,8575,8000
,03-02-2016,216,Other,7000,8500,7500
,04-02-2016,220,Other,7000,8460,8000
,05-02-2016,335,Other,7000,8475,8000
,08-02-2016,560,Other,7000,8605,8300
,09-02-2016,265,Other,7000,8710,8150
,10-02-2016,288,Other,7000,8825,8000
,11-02-2016,291,Other,7000,8595,8000
,12-02-2016,382,Other,7000,8545,8300
,15-02-2016,357,Other,7000,8350,8000
,16-02-2016,296,Other,7000,8360,8000
,17-02-2016,286,Other,7000,8200,7800
,18-02-2016,270,Other,7000,8195,7900
,22-02-2016,384,Other,5500,7795,6400
,23-02-2016,300,Other,5500,8000,7000
,24-02-2016,151,Other,6000,8285,7500
,25-02-2016,151,Other,6500,8500,7500
,26-02-2016,307,Other,6500,8500,7000
,29-02-2016,300,Other,6500,8250,7800
Hingoli,01-02-2016,85,Other,8500,8700,8700
,02-02-2016,60,Other,8160,8620,8620
,03-02-2016,38,Other,8300,8610,8610
,04-02-2016,45,Other,8200,8610,8610
,05-02-2016,35,Other,8200,8500,8500
,09-02-2016,55,Other,8588,8845,8845
,10-02-2016,52,Other,8512,8900,8900
,11-02-2016,50,Other,8560,8821,8821
,12-02-2016,45,Other,8578,8780,8780
,13-02-2016,43,Other,8150,8730,8730
,15-02-2016,57,Other,8295,8400,8400
,16-02-2016,45,Other,8166,8400,8400
,17-02-2016,14,Other,8000,8355,8355
,18-02-2016,35,Other,8112,8350,8350
,20-02-2016,54,Other,6990,7855,7855
,22-02-2016,15,Other,7444,7840,7840
,23-02-2016,32,Other,7240,8050,8050
,24-02-2016,24,Other,8200,8400,8400
,25-02-2016,17,Other,8639,8800,8800
,26-02-2016,25,Other,8355,8600,8600
,27-02-2016,44,Other,8330,8550,8550
,29-02-2016,33,Other,8000,8275,8275
Indapur,01-02-2016,1,Other,7500,7500,7500
,08-02-2016,1,Other,7000,7000,7000
Indapur(Bhigwan),07-02-2016,1,Other,6600,7300,7031
,14-02-2016,2,Other,6000,6650,6600
,21-02-2016,3,Other,5601,7100,6000
,28-02-2016,2,Other,4700,6503,6100
Jalana,01-02-2016,6,,NR,NR,NR
,02-02-2016,3,,NR,NR,NR
,03-02-2016,2,,NR,NR,NR
,04-02-2016,1,,NR,NR,NR
,05-02-2016,1,,NR,NR,NR
,09-02-2016,9,,NR,NR,NR
,10-02-2016,2,,NR,NR,NR
,12-02-2016,1,,NR,NR,NR
,15-02-2016,1,,NR,NR,NR
,16-02-2016,2,,NR,NR,NR
,20-02-2016,1,,NR,NR,NR
,22-02-2016,1,,NR,NR,NR
,23-02-2016,66,Other,6500,8350,7200
,24-02-2016,67,Other,6500,8412,7500
,25-02-2016,1,,NR,NR,NR
,26-02-2016,1,,NR,NR,NR
,27-02-2016,55,Other,6250,8826,8000
Jalgaon,12-02-2016,1,Other,7400,8000,7800
Jalgaon Jamod(Aasalgaon),05-02-2016,47,Other,7600,8300,8000
,09-02-2016,81,Other,7600,8400,8100
,12-02-2016,65,Other,7500,8300,7900
,16-02-2016,78,Other,7000,8000,7700
,19-02-2016,28,Other,7000,8000,7700
,23-02-2016,58,Other,6800,7800,7500
Jalgaon(Jamod),03-02-2016,6,Other,6800,7400,7200
,11-02-2016,1,Other,7500,8500,8000
,18-02-2016,1,Other,7000,8000,7800
,25-02-2016,2,Other,7000,8000,7500
Jalkot,01-02-2016,5,Other,7500,8500,8000
,03-02-2016,1,Other,8500,8500,8500
,04-02-2016,2,Other,8750,8750,8750
,06-02-2016,5,Other,7900,8750,8101
,07-02-2016,1,Other,8000,8800,8400
,14-02-2016,1,Other,8500,8500,8500
,15-02-2016,1,Other,8500,8500,8500
Jalna(Badnapur),02-02-2016,1,Other,7700,8600,7700
Jamkhed,01-02-2016,1,,NR,NR,NR
,04-02-2016,1,,NR,NR,NR
,06-02-2016,1,,NR,NR,NR
,08-02-2016,1,,NR,NR,NR
,09-02-2016,2,Other,8200,8650,8425
,13-02-2016,1,,NR,NR,NR
,15-02-2016,1,Other,8250,8600,8425
,18-02-2016,1,,NR,NR,NR
,20-02-2016,3,,NR,NR,NR
,22-02-2016,1,,NR,NR,NR
,23-02-2016,1,,NR,NR,NR
,27-02-2016,1,,NR,NR,NR
Jawala-Bajar,01-02-2016,7,Other,8800,8900,8880
,02-02-2016,6,Other,8500,8620,8600
,03-02-2016,5,Other,8700,8900,8880
,04-02-2016,7,Other,8600,8850,8840
,05-02-2016,8,Other,8600,8800,8780
,07-02-2016,7,Other,8400,8500,8480
,08-02-2016,6,Other,8300,8400,8370
,09-02-2016,8,Other,8100,8300,8280
,10-02-2016,7,Other,8000,8200,8180
,11-02-2016,5,Other,8000,8250,8240
,12-02-2016,8,Other,8000,8350,8340
,14-02-2016,12,Other,8000,8300,8270
,15-02-2016,9,Other,8000,8300,8280
,16-02-2016,7,Other,8100,8250,8230
,17-02-2016,9,Other,7000,7500,7490
,18-02-2016,9,Other,7200,7550,7500
,21-02-2016,12,Other,7500,7600,7590
,23-02-2016,7,Other,7300,7500,7490
,24-02-2016,6,Other,7400,7500,7480
,25-02-2016,6,Other,7300,7450,7420
,27-02-2016,11,Other,7500,7650,7640
,28-02-2016,11,Other,7400,7450,7420
,29-02-2016,7,Other,7400,7600,7580
Jintur,01-02-2016,1,,NR,NR,NR
,03-02-2016,1,,NR,NR,NR
,06-02-2016,1,,NR,NR,NR
,09-02-2016,1,,NR,NR,NR
,10-02-2016,1,,NR,NR,NR
,15-02-2016,1,Other,7851,8099,7950
,16-02-2016,4,,NR,NR,NR
,17-02-2016,1,,NR,NR,NR
,18-02-2016,2,Other,6801,8076,6900
,20-02-2016,2,Other,6900,7880,7425
,22-02-2016,1,Other,7426,7600,7500
,23-02-2016,2,Other,7000,7600,7400
,25-02-2016,1,,NR,NR,NR
,26-02-2016,1,,NR,NR,NR
,27-02-2016,1,Other,8000,8102,8101
Jintur(Bori),05-02-2016,1,,NR,NR,NR
,09-02-2016,1,,NR,NR,NR
,16-02-2016,1,,NR,NR,NR
,23-02-2016,1,,NR,NR,NR
Kada,04-02-2016,5,Other,7200,8000,7600
,14-02-2016,2,Other,7000,7800,7400
,17-02-2016,6,Other,6300,7200,6800
,28-02-2016,3,Other,6500,7100,6800
Kada(Ashti),04-02-2016,1,Other,6100,7500,7000
,14-02-2016,1,Other,6600,7250,7000
Kaij,01-02-2016,2,Other,5700,8500,7600
,02-02-2016,1,Other,5000,8501,7200
,03-02-2016,1,Other,5001,8200,7500
,04-02-2016,1,Other,7401,8251,7500
,05-02-2016,2,Other,6700,8152,7200
,10-02-2016,1,Other,6600,7800,7000
,12-02-2016,1,Other,6000,7800,7000
,13-02-2016,1,Other,6900,8000,7000
,15-02-2016,1,Other,6500,8000,7000
,16-02-2016,1,Other,6500,7600,6700
,17-02-2016,1,Other,6401,7599,6700
,22-02-2016,1,Other,6400,7500,6800
,23-02-2016,1,Other,6300,7600,6500
,25-02-2016,1,Other,5700,7500,6500
Kalamb,01-02-2016,7,Other,7000,7800,7500
,02-02-2016,8,Other,7000,7685,7500
,03-02-2016,2,Other,7200,7900,7600
,04-02-2016,4,Other,7400,7900,7700
,05-02-2016,5,Other,7300,7800,7600
,06-02-2016,5,Other,7400,7830,7600
,08-02-2016,4,Other,7900,8250,8000
,09-02-2016,6,Other,8000,8385,8200
,10-02-2016,13,Other,8000,8390,8150
,11-02-2016,4,Other,8000,8250,8100
,12-02-2016,5,Other,7800,8100,7900
,13-02-2016,3,Other,7800,8000,7900
,15-02-2016,7,Other,7700,8000,7850
,16-02-2016,7,Other,7800,8000,7850
,17-02-2016,4,Other,7500,7800,7700
,18-02-2016,5,Other,7500,7800,7650
,22-02-2016,4,Other,7000,7200,7100
,23-02-2016,2,Other,7000,7300,7150
,24-02-2016,4,Other,7500,7700,7600
,25-02-2016,2,Other,7800,8000,7900
,26-02-2016,2,Other,7500,7800,7650
,27-02-2016,4,Other,7500,7800,7700
,29-02-2016,4,Other,7500,7900,7700
Kalamb(Osmanabad),01-02-2016,4,,NR,NR,NR
,02-02-2016,2,,NR,NR,NR
,03-02-2016,1,,NR,NR,NR
,04-02-2016,3,,NR,NR,NR
,05-02-2016,1,,NR,NR,NR
,06-02-2016,1,,NR,NR,NR
,09-02-2016,3,,NR,NR,NR
,10-02-2016,1,,NR,NR,NR
,11-02-2016,2,,NR,NR,NR
,12-02-2016,3,,NR,NR,NR
,13-02-2016,3,,NR,NR,NR
,15-02-2016,4,,NR,NR,NR
,16-02-2016,1,,NR,NR,NR
,17-02-2016,3,,NR,NR,NR
,18-02-2016,1,,NR,NR,NR
,20-02-2016,2,,NR,NR,NR
,22-02-2016,2,Other,6000,7801,7600
,23-02-2016,1,,NR,NR,NR
,24-02-2016,1,,NR,NR,NR
,25-02-2016,1,,NR,NR,NR
,26-02-2016,1,,NR,NR,NR
,27-02-2016,1,,NR,NR,NR
,29-02-2016,1,,NR,NR,NR
Kalamnuri,01-02-2016,4,Other,7900,8200,8100
,02-02-2016,3,Other,7800,8050,7900
,04-02-2016,3,Other,8000,8200,8200
,05-02-2016,2,Other,8200,8350,8200
,07-02-2016,3,Other,8100,8400,8300
,09-02-2016,3,Other,8100,8600,8500
,10-02-2016,1,Other,8100,8600,8500
,11-02-2016,4,Other,8100,8600,8500
,12-02-2016,3,Other,7500,8200,8200
,14-02-2016,3,Other,7800,8200,8100
,16-02-2016,150,Other,7500,8000,8000
,17-02-2016,2,Other,7500,8000,8000
,18-02-2016,2,Other,7500,8000,7800
,22-02-2016,3,Other,7000,7500,7200
,29-02-2016,2,Other,7500,7800,7650
Kalmeshwar,01-02-2016,16,Other,6850,7400,7325
,03-02-2016,15,Other,6950,7440,7265
,04-02-2016,9,Other,6975,7497,7330
,05-02-2016,12,Other,7050,7425,7335
,06-02-2016,6,Other,6975,7350,7255
,08-02-2016,15,Other,7080,7637,7445
,09-02-2016,19,Other,7090,7995,7765
,10-02-2016,15,Other,7165,7955,7845
,11-02-2016,19,Other,7165,7800,7655
,12-02-2016,19,Other,7065,7597,7345
,13-02-2016,8,Other,7040,7650,7475
,15-02-2016,18,Other,7050,7555,7395
,16-02-2016,14,Other,7050,7430,7290
,17-02-2016,11,Other,7075,7500,7395
,18-02-2016,13,Other,7050,7325,7285
,20-02-2016,24,Other,6550,7121,6975
,22-02-2016,22,Other,6500,7025,6885
,23-02-2016,18,Other,6550,7010,6965
,24-02-2016,10,Other,6855,7310,7185
,25-02-2016,14,Other,6910,7445,7365
,26-02-2016,26,Other,6750,7569,7345
,27-02-2016,14,Other,6650,7355,7175
,29-02-2016,14,Other,6975,7451,7265
Kalvan,02-02-2016,1,Other,6000,7000,6500
,08-02-2016,1,Other,6700,6700,6700
,09-02-2016,2,Other,6500,6700,6700
,16-02-2016,1,Other,6000,6000,6000
,23-02-2016,1,Other,6200,6600,6500
,25-02-2016,1,Other,6100,6551,6500
,29-02-2016,1,Other,6700,6700,6700
Kannad,07-02-2016,1,Other,7000,7900,7500
,10-02-2016,1,Other,7000,7800,7500
,11-02-2016,1,Other,7400,7900,7500
Karanja,02-02-2016,180,Other,7900,8450,8150
,03-02-2016,148,Other,8150,8650,8390
,04-02-2016,138,Other,7925,8450,8290
,05-02-2016,195,Other,8025,8575,8450
,06-02-2016,135,Other,7900,8625,8395
,08-02-2016,158,Other,8175,8750,8450
,09-02-2016,199,Other,8175,8820,8565
,10-02-2016,185,Other,8175,8900,8490
,11-02-2016,135,Other,8025,8700,8510
,12-02-2016,150,Other,7900,8600,8300
,15-02-2016,179,Other,7710,8555,8175
,16-02-2016,170,Other,7775,8555,8100
,17-02-2016,147,Other,7650,8600,8005
,18-02-2016,140,Other,7600,8500,7950
,20-02-2016,110,Other,6900,8030,7500
,22-02-2016,88,Other,6800,8000,7450
,23-02-2016,85,Other,7030,7980,7450
,24-02-2016,100,Other,7800,8500,8200
,25-02-2016,130,Other,7900,8550,8200
,26-02-2016,170,Other,7710,8400,8150
,29-02-2016,120,Other,7500,8300,7900
Karjat(Raigad),01-02-2016,8,Other,7000,7400,7225
,03-02-2016,10,Other,6100,8700,6950
,05-02-2016,3,Other,6800,7300,7050
,08-02-2016,3,Other,6400,7100,6800
,11-02-2016,1,Other,7400,7400,7400
,12-02-2016,1,Other,7000,7400,7200
,15-02-2016,7,Other,5454,7300,7000
,17-02-2016,7,Other,6700,7400,7050
,19-02-2016,2,Other,6000,7000,6500
,22-02-2016,2,Other,6000,7000,6500
,24-02-2016,5,Other,5000,7400,6200
,26-02-2016,1,Other,6600,7500,7050
Karmala,18-02-2016,2,Other,7100,8000,7500
,22-02-2016,2,Other,7000,8000,7300
,23-02-2016,1,Other,5500,7500,7000
Katol,01-02-2016,55,Other,6400,7780,7455
,02-02-2016,41,Other,6100,7480,7155
,03-02-2016,31,Other,6300,7660,7420
,04-02-2016,18,Other,6601,7611,7365
,05-02-2016,26,Other,6851,7676,7415
,07-02-2016,24,Other,7000,7882,7535
,08-02-2016,31,Other,7000,7880,7560
,09-02-2016,52,Other,7000,7968,7762
,10-02-2016,31,Other,7000,7956,7655
,11-02-2016,46,Other,7000,7760,7480
,12-02-2016,35,Other,7030,7720,7460
,14-02-2016,21,Other,6950,7650,7430
,15-02-2016,45,Other,6700,7748,7515
,16-02-2016,33,Other,6800,7678,7410
,17-02-2016,18,Other,6800,7650,7420
,18-02-2016,49,Other,6400,7450,7210
,22-02-2016,35,Other,6400,7050,6830
,23-02-2016,18,Other,6300,7180,6755
,24-02-2016,41,Other,6350,7420,7166
,25-02-2016,35,Other,6800,7750,7420
,26-02-2016,31,Other,6310,7665,7420
,29-02-2016,31,Other,6300,7400,7160
Khamgaon,02-02-2016,225,Other,7100,8450,7900
,03-02-2016,201,Other,7000,8500,8250
,04-02-2016,178,Other,7000,8500,7950
,05-02-2016,157,Other,7000,8730,8150
,06-02-2016,205,Other,7000,8600,8300
,08-02-2016,237,Other,7150,8725,8240
,09-02-2016,215,Other,7500,8800,8450
,10-02-2016,210,Other,7500,8750,8525
,11-02-2016,142,Other,7500,8700,8500
,12-02-2016,233,Other,7000,8700,7900
,13-02-2016,149,Other,7100,8575,8050
,15-02-2016,258,Other,7000,8555,7777
,16-02-2016,172,Other,7500,8515,8225
,17-02-2016,180,Other,7500,8400,8175
,18-02-2016,179,Other,7200,8312,7950
,20-02-2016,160,Other,6800,8000,7600
,22-02-2016,121,Other,6300,8000,7375
,23-02-2016,101,Other,7000,8100,7550
,24-02-2016,146,Other,7150,8425,7990
,25-02-2016,100,Other,7000,8600,8150
,26-02-2016,107,Other,6800,8400,7980
,27-02-2016,87,Other,7000,8300,7750
,29-02-2016,69,Other,6800,8300,7555
Kille Dharur,01-02-2016,3,Other,7000,8201,8050
,02-02-2016,1,Other,6601,7800,7800
,05-02-2016,1,Other,6500,8000,7721
,09-02-2016,1,Other,7000,8200,8000
,12-02-2016,3,Other,5000,8191,8000
,15-02-2016,3,Other,5230,7950,7800
,16-02-2016,1,Other,6600,7440,7330
,20-02-2016,2,Other,5500,7475,7209
,22-02-2016,1,Other,6500,8100,7375
,26-02-2016,2,Other,6400,7450,7250
,29-02-2016,4,Other,6000,7351,7250
Kinwat,06-02-2016,5,Other,8300,8500,8400
,07-02-2016,7,Other,8300,8500,8400
,09-02-2016,7,Other,8300,8500,8400
,10-02-2016,7,Other,8300,8500,8400
,16-02-2016,6,Other,8500,8600,8550
,17-02-2016,6,Other,8500,8600,8550
,20-02-2016,5,Other,8300,8400,8350
,22-02-2016,6,Other,8300,8400,8350
,23-02-2016,1,,NR,NR,NR
,24-02-2016,4,Other,7700,7800,7750
,25-02-2016,5,Other,7700,7800,7750
,26-02-2016,5,Other,7700,7800,7750
Kolhapur(Laxmipuri),01-02-2016,2,Other,11800,13000,12500
,02-02-2016,3,Other,11800,13000,12500
,03-02-2016,2,Other,11800,13000,12500
,04-02-2016,1,Other,11800,13000,12500
,05-02-2016,1,Other,11800,13000,12500
,06-02-2016,1,Other,11800,13000,12500
,08-02-2016,2,Other,11800,13000,12500
,09-02-2016,1,Other,11800,12600,12000
,10-02-2016,1,Other,11800,12600,12000
,11-02-2016,1,Other,11800,12600,12000
,12-02-2016,1,Other,11800,12600,12000
,13-02-2016,1,Other,11800,12600,12000
,15-02-2016,1,Other,11800,12600,12000
,16-02-2016,1,Other,11800,12600,12000
,17-02-2016,1,Other,11800,12400,12000
,18-02-2016,1,Other,11800,12400,12000
,20-02-2016,1,Other,11800,12400,12000
,22-02-2016,1,Other,11800,12400,12000
,23-02-2016,1,Other,11800,12400,12000
,24-02-2016,1,Other,11800,12600,12000
,25-02-2016,1,Other,11800,12600,12000
,26-02-2016,1,Other,11800,12600,12000
,27-02-2016,1,Other,11800,12600,12000
,29-02-2016,1,Other,11800,12600,12000
Korpana,01-02-2016,3,Other,7000,7800,7500
,02-02-2016,2,Other,7000,7700,7500
,03-02-2016,2,Other,7000,7500,7200
,04-02-2016,3,Other,7000,7500,7200
,05-02-2016,3,Other,7000,7300,7100
,08-02-2016,2,Other,7000,7000,7000
,09-02-2016,1,Other,7000,7000,7000
,10-02-2016,2,Other,6800,7000,6900
,12-02-2016,3,Other,7000,7500,7200
,17-02-2016,1,Other,6800,7000,6900
,18-02-2016,2,Other,7000,7000,7000
Kundalwadi,05-02-2016,1,Other,7736,8160,8000
,06-02-2016,1,Other,7700,8145,8000
,11-02-2016,1,Other,7985,8099,8000
,12-02-2016,1,Other,8025,8166,8100
,17-02-2016,1,Other,7600,8080,8000
,18-02-2016,1,Other,7200,7900,7300
,20-02-2016,1,Other,7110,7582,7250
,22-02-2016,2,Other,7129,7625,7250
,25-02-2016,1,Other,6000,7200,7100
Kurdwadi,10-02-2016,1,Other,7601,7601,7601
,24-02-2016,1,Other,6551,7000,6775
Kurdwadi(Modnimb),15-02-2016,1,Other,6000,7644,7500
,25-02-2016,1,Other,6200,7360,6900
Lakhandur,05-02-2016,2,Other,6140,6140,6140
,11-02-2016,3,Other,7000,7000,7000
,12-02-2016,2,Other,7100,7115,7110
,13-02-2016,2,Other,7140,7160,7150
,15-02-2016,1,Other,7125,7135,7130
,16-02-2016,4,Other,7100,7125,7115
,18-02-2016,3,Other,7100,7190,7150
,19-02-2016,1,Other,7000,7100,7070
,20-02-2016,5,Other,6800,6825,6810
,23-02-2016,1,Other,6500,6540,6520
,25-02-2016,3,Other,6800,6860,6830
,26-02-2016,2,Other,6900,7000,6950
,27-02-2016,2,Other,6900,6925,6910
Lasalgaon,01-02-2016,1,Other,7500,7899,7791
,09-02-2016,1,Other,5001,7855,7600
,15-02-2016,1,Other,6500,7600,7100
,17-02-2016,2,Other,6001,7500,7200
,23-02-2016,1,Other,6000,6900,6801
,25-02-2016,1,Other,6100,6552,6301
,29-02-2016,1,Other,6400,6991,6990
Lasur Station,01-02-2016,5,,NR,NR,NR
,03-02-2016,6,,NR,NR,NR
,04-02-2016,12,Other,7000,7731,7600
,06-02-2016,1,,NR,NR,NR
,08-02-2016,2,,NR,NR,NR
,10-02-2016,3,,NR,NR,NR
,11-02-2016,2,,NR,NR,NR
,12-02-2016,2,,NR,NR,NR
,13-02-2016,8,Other,7200,8000,7900
,15-02-2016,1,,NR,NR,NR
,17-02-2016,3,,NR,NR,NR
,18-02-2016,2,,NR,NR,NR
,19-02-2016,1,Other,7000,7300,7200
,20-02-2016,2,,NR,NR,NR
,22-02-2016,2,,NR,NR,NR
,24-02-2016,2,,NR,NR,NR
,25-02-2016,1,,NR,NR,NR
,26-02-2016,2,,NR,NR,NR
,27-02-2016,2,,NR,NR,NR
,29-02-2016,3,,NR,NR,NR
Latur,01-02-2016,168,Other,8100,9500,9300
,02-02-2016,133,Other,7011,9250,9100
,03-02-2016,146,Other,8500,9252,9100
,04-02-2016,68,Other,7000,9116,8900
,05-02-2016,150,Other,7600,9100,8800
,06-02-2016,107,Other,7750,9000,8700
,09-02-2016,53,Other,8100,9100,8800
,10-02-2016,116,Other,8300,9049,8750
,11-02-2016,161,Other,7880,9026,8700
,12-02-2016,96,Other,7900,9100,8850
,13-02-2016,76,Other,7300,9021,8800
,15-02-2016,142,Other,7500,9000,8700
,17-02-2016,106,Other,7500,8550,8200
,20-02-2016,119,Other,6799,8499,8200
,22-02-2016,82,Other,7101,8700,8300
,23-02-2016,74,Other,6401,8500,8150
,24-02-2016,77,Other,6930,8650,8200
,26-02-2016,43,Other,7100,8818,8400
,27-02-2016,45,Other,7611,8700,8350
,29-02-2016,89,Other,6901,8700,8400
Latur(Murud),12-02-2016,1,Other,6800,8300,7900
Loha,01-02-2016,8,Other,8700,8900,8850
,03-02-2016,9,Other,8550,8850,8600
,04-02-2016,1,,NR,NR,NR
,05-02-2016,8,Other,8400,8600,8500
,06-02-2016,9,Other,8200,8600,8570
Lohara,05-02-2016,1,Other,8000,8700,8450
,06-02-2016,1,Other,8100,8500,8400
Lonar,01-02-2016,50,Other,7190,8480,7825
,02-02-2016,30,Other,7250,8340,7795
,03-02-2016,35,Other,8000,8650,8325
,04-02-2016,10,Other,7800,8550,8175
,05-02-2016,30,Other,8100,8500,8450
,06-02-2016,25,Other,8200,8600,8400
,09-02-2016,30,Other,8150,8740,8445
,10-02-2016,31,Other,8200,8600,8450
,11-02-2016,36,Other,8100,8600,8350
,12-02-2016,30,Other,7800,8576,8188
,13-02-2016,45,Other,8200,8411,8305
,15-02-2016,25,Other,8100,8450,8275
,16-02-2016,20,Other,7600,8350,7975
,17-02-2016,22,Other,7475,8190,7833
,18-02-2016,23,Other,7200,8190,7695
,20-02-2016,20,Other,6800,7950,7375
,22-02-2016,30,Other,6800,7900,7450
,23-02-2016,17,Other,7150,8040,7595
,24-02-2016,20,Other,7250,8250,7750
,25-02-2016,20,Other,7500,8480,7990
,27-02-2016,35,Other,7900,8171,8086
Mahur,01-02-2016,12,Other,7000,7500,7200
,02-02-2016,13,Other,7000,7500,7200
,03-02-2016,12,Other,7000,7500,7200
,04-02-2016,11,Other,7000,7500,7200
,05-02-2016,10,Other,7000,7500,7200
,06-02-2016,10,Other,7000,7500,7200
,08-02-2016,11,Other,7000,7500,7200
,09-02-2016,8,Other,7000,7500,7200
,10-02-2016,6,Other,7000,7500,7200
,11-02-2016,7,Other,7000,7400,7200
,12-02-2016,6,Other,7000,7400,7200
,13-02-2016,5,Other,7000,7400,7200
,15-02-2016,4,Other,7000,7300,7150
,16-02-2016,5,Other,7000,7500,7300
,17-02-2016,5,Other,7500,8000,7800
,18-02-2016,6,Other,7500,8000,7800
,22-02-2016,5,Other,7500,8000,7800
,23-02-2016,4,Other,7500,8000,7800
,24-02-2016,6,Other,7500,8000,7800
,25-02-2016,5,Other,7000,7200,7100
,26-02-2016,6,Other,7000,7200,7100
,27-02-2016,5,Other,7000,7200,7100
,29-02-2016,5,Other,7000,7200,7100
Majalgaon,01-02-2016,44,Other,7100,8425,8200
,02-02-2016,31,Other,5901,8337,8150
,04-02-2016,40,Other,6000,8256,8000
,05-02-2016,18,Other,6800,8375,8100
,06-02-2016,21,Other,6000,8300,8050
,09-02-2016,34,Other,6500,8300,7500
,10-02-2016,14,Other,6851,8400,8200
,11-02-2016,9,Other,7100,8303,8100
,12-02-2016,18,Other,6000,8351,8200
,13-02-2016,13,Other,6100,8276,8100
,15-02-2016,27,Other,6000,8325,8100
,16-02-2016,24,Other,6000,8251,8000
,18-02-2016,20,Other,6100,8070,7750
,20-02-2016,15,Other,5000,7671,7450
,22-02-2016,11,Other,5100,7425,7000
,23-02-2016,11,Other,6000,7696,7300
,26-02-2016,30,Other,6000,8096,7800
Malegaon,01-02-2016,2,Other,7226,7700,7501
,02-02-2016,5,Other,7370,7600,7411
,03-02-2016,3,Other,4625,7611,7320
,06-02-2016,5,Other,6360,7600,7171
,09-02-2016,6,Other,6560,7251,7061
,10-02-2016,4,Other,6311,7512,7180
,11-02-2016,4,Other,6875,7700,7100
,23-02-2016,5,Other,6000,7151,6651
,24-02-2016,5,Other,5925,7026,6640
,25-02-2016,3,Other,5900,7002,6821
,27-02-2016,3,Other,5760,7400,6986
,29-02-2016,3,Other,6525,7251,6900
Malegaon(Vashim),03-02-2016,30,Other,7800,8300,8000
Malkapur,01-02-2016,153,Other,7300,8400,8150
,02-02-2016,137,Other,7300,8230,8045
,03-02-2016,102,Other,7740,8600,8155
,04-02-2016,332,Other,8200,9630,9225
,05-02-2016,125,Other,7525,8690,8300
,06-02-2016,93,Other,7800,8550,8250
,08-02-2016,102,Other,8050,8670,8450
,09-02-2016,112,Other,7600,8730,8380
,10-02-2016,102,Other,7625,8750,8380
,11-02-2016,103,Other,7725,8610,8300
,12-02-2016,83,Other,7400,8625,8375
,13-02-2016,85,Other,7875,8525,8300
,15-02-2016,91,Other,7725,8470,8265
,16-02-2016,95,Other,7530,8395,8200
,17-02-2016,82,Other,7825,8340,8155
,18-02-2016,82,Other,7700,8200,8050
,20-02-2016,74,Other,7850,8495,8015
,22-02-2016,94,Other,6300,7955,7525
,23-02-2016,82,Other,7650,8100,7875
,24-02-2016,85,Other,7350,8460,8350
,25-02-2016,61,Other,7600,8600,8425
,26-02-2016,92,Other,7700,8375,8150
,27-02-2016,23,Other,6725,8270,8150
Mandhal,04-02-2016,4,Other,7136,7300,7190
,11-02-2016,11,Other,7045,7100,7063
,14-02-2016,5,Other,7332,7400,7364
,18-02-2016,5,Other,7190,7400,7269
,21-02-2016,5,Other,6694,6780,6734
,25-02-2016,11,Other,6605,6700,6624
,28-02-2016,11,Other,6299,6600,6428
Mangal Wedha,11-02-2016,1,Other,6500,7601,6600
Mangrulpeer,02-02-2016,68,Other,7500,8600,8500
,03-02-2016,51,Other,7000,8800,8500
,04-02-2016,45,Other,7500,8500,8200
,05-02-2016,66,Other,7900,8845,8500
,08-02-2016,45,Other,7500,8601,8500
,09-02-2016,49,Other,7800,8701,8500
,10-02-2016,41,Other,7600,8600,8300
,11-02-2016,38,Other,7800,8561,8200
,12-02-2016,46,Other,7000,8500,8200
,16-02-2016,47,Other,7000,8251,8000
,17-02-2016,24,Other,7000,8251,8000
,18-02-2016,40,Other,7000,8213,7900
,22-02-2016,36,Other,7400,7800,7500
,23-02-2016,27,Other,7300,8299,8000
,25-02-2016,42,Other,6600,8451,8200
,26-02-2016,66,Other,7500,8151,8000
,29-02-2016,29,Other,7000,8200,8000
Manora,01-02-2016,93,Other,8000,9100,8300
,02-02-2016,60,Other,7700,8500,8000
,03-02-2016,44,Other,7700,8400,8100
,04-02-2016,29,Other,7700,8500,8000
,08-02-2016,57,Other,8000,8800,8500
,09-02-2016,58,Other,8000,8600,8200
,10-02-2016,48,Other,8000,8600,8200
,11-02-2016,87,Other,8000,8500,8200
,12-02-2016,71,Other,8100,8500,8200
,16-02-2016,84,Other,7700,8500,8000
,17-02-2016,49,Other,7600,8000,7800
,18-02-2016,29,Other,7500,8000,7800
,22-02-2016,32,Other,7550,7800,7600
,23-02-2016,29,Other,7500,7800,7600
,24-02-2016,25,Other,7500,7800,7700
,25-02-2016,40,Other,7800,8500,8200
,26-02-2016,80,Other,7700,8500,8000
,29-02-2016,29,Other,7500,8000,7800
Mantha,01-02-2016,4,Other,7900,8100,8000
,02-02-2016,2,Other,7700,8011,8000
,03-02-2016,1,Other,7400,7600,7550
,05-02-2016,5,Other,7000,7700,7600
,10-02-2016,2,Other,7800,8200,8000
,12-02-2016,5,Other,7700,8100,7800
,17-02-2016,4,Other,7100,7700,7500
,24-02-2016,3,Other,7000,7300,7100
,26-02-2016,5,Other,7200,7600,7500
Mehekar,01-02-2016,26,Other,8500,8900,8752
,02-02-2016,17,Other,7000,8475,8000
,03-02-2016,15,Other,6500,8580,8200
,04-02-2016,23,Other,7000,8599,8000
,05-02-2016,24,Other,7150,8600,8200
,06-02-2016,26,Other,7150,8650,8100
,08-02-2016,7,Other,7300,8575,7900
,09-02-2016,8,Other,7000,8780,8000
,10-02-2016,17,Other,7300,8740,8000
,11-02-2016,29,Other,7000,8700,8000
,12-02-2016,15,Other,7000,8700,8000
,13-02-2016,11,Other,7299,8630,8450
,15-02-2016,11,Other,7300,8500,7500
,16-02-2016,26,Other,7100,8451,8300
,17-02-2016,5,Other,6500,8251,8000
,18-02-2016,11,Other,7500,8180,8000
,20-02-2016,11,Other,7000,8025,7980
,22-02-2016,7,Other,7450,7950,7750
,23-02-2016,15,Other,7500,8000,7850
,24-02-2016,14,Other,6800,8132,7900
,25-02-2016,11,Other,6900,8360,7950
,27-02-2016,15,Other,7300,8200,8000
,29-02-2016,8,Other,7600,8150,7950
Morshi,01-02-2016,5,Other,7800,8100,8013
,03-02-2016,102,Other,7500,8400,7734
,06-02-2016,106,Other,7400,8400,7559
,10-02-2016,110,Other,8000,8500,8203
,13-02-2016,115,Other,7500,8200,7800
,17-02-2016,122,Other,7500,8100,7711
,20-02-2016,93,Other,7000,7700,7209
,24-02-2016,120,Other,7500,7800,7610
,26-02-2016,4,Other,7000,7800,7511
,27-02-2016,117,Other,7700,8325,8096
,29-02-2016,2,Other,7100,7900,7539
Mukhed,01-02-2016,1,Other,8200,8400,8300
,02-02-2016,1,Other,8000,8200,8100
,17-02-2016,1,Other,7600,8100,7900
Mumbai,01-02-2016,299,Other,8700,14000,11350
,02-02-2016,299,Other,8500,13500,11000
,03-02-2016,144,Other,8500,13500,11000
,04-02-2016,105,Other,8500,13400,10950
,05-02-2016,195,Other,8500,13400,10950
,06-02-2016,222,Other,8500,13400,10950
,08-02-2016,299,Other,8500,13400,10950
,09-02-2016,228,Other,8500,13400,10950
,10-02-2016,120,Other,8600,13400,11000
,11-02-2016,194,Other,8600,13500,11050
,12-02-2016,301,Other,8600,13300,10950
,13-02-2016,247,Other,8600,13300,10950
,15-02-2016,321,Other,8600,13300,10950
,16-02-2016,298,Other,8600,13300,10950
,17-02-2016,258,Other,8600,13300,10950
,18-02-2016,257,Other,8600,13300,10950
,20-02-2016,298,Other,8600,13300,10950
,22-02-2016,267,Other,8500,13200,10850
,23-02-2016,212,Other,8500,13200,10850
,24-02-2016,56,Other,8500,13200,10850
,25-02-2016,109,Other,8500,13200,10850
,26-02-2016,393,Other,8500,13200,10850
,27-02-2016,244,Other,8700,13100,10950
,29-02-2016,533,Other,8700,13000,10850
Murim,02-02-2016,16,Other,8000,8800,8400
,03-02-2016,10,Other,8000,8802,8401
,04-02-2016,7,Other,8000,8800,8400
,05-02-2016,10,Other,8099,8807,8453
,06-02-2016,11,Other,7000,8775,7888
,09-02-2016,13,Other,8200,9100,8650
,10-02-2016,13,Other,8000,8901,8450
,12-02-2016,8,Other,8199,8871,8535
,13-02-2016,24,Other,7800,8891,8345
,15-02-2016,11,Other,8000,8800,8400
,16-02-2016,13,Other,7600,8761,8180
,17-02-2016,9,Other,7351,8625,7988
,18-02-2016,11,Other,7500,8420,7960
,20-02-2016,9,Other,7000,8211,7605
,22-02-2016,7,Other,7100,8111,7605
,25-02-2016,6,Other,7000,8401,7700
,26-02-2016,9,Other,7511,8570,8040
,27-02-2016,10,Other,7501,8400,7950
,29-02-2016,4,Other,7000,8360,7680
Murtizapur,01-02-2016,110,Other,8101,8461,8290
,03-02-2016,150,Other,7801,8511,8201
,05-02-2016,75,Other,8001,8501,8325
,08-02-2016,150,Other,8101,8651,8445
,10-02-2016,80,Other,8201,8601,8485
,12-02-2016,70,Other,8101,8406,8285
,15-02-2016,80,Other,8001,8256,8165
,17-02-2016,80,Other,7850,8050,7960
,22-02-2016,70,Other,7001,7750,7565
,24-02-2016,60,Other,7501,7996,7801
,29-02-2016,50,Other,7501,7996,7825
Nagpur,01-02-2016,121,Other,6966,8350,8004
,02-02-2016,180,Other,6500,8270,7828
,03-02-2016,226,Other,6200,8300,7775
,04-02-2016,144,Other,6300,8150,7688
,05-02-2016,202,Other,6200,7980,7555
,06-02-2016,141,Other,6380,7980,7580
,07-02-2016,187,Other,7200,8096,7872
,08-02-2016,187,Other,7200,8096,7872
,09-02-2016,224,Other,7200,8188,7941
,10-02-2016,345,Other,7200,8724,8343
,11-02-2016,248,Other,7300,8790,8418
,12-02-2016,236,Other,7200,8450,8138
,13-02-2016,149,Other,7300,8399,8124
,15-02-2016,155,Other,7000,8384,8038
,16-02-2016,319,Other,6800,8172,7829
,17-02-2016,207,Other,6800,8100,7775
,19-02-2016,332,Other,6800,8040,7730
,20-02-2016,127,Other,6500,7751,7438
,22-02-2016,161,Other,6500,7650,7362
,23-02-2016,212,Other,6500,7528,7271
,24-02-2016,232,Other,6500,7616,7337
,25-02-2016,168,Other,6600,8020,7662
,26-02-2016,247,Other,6600,8075,7706
,27-02-2016,249,Other,6600,8000,7650
,29-02-2016,192,Other,6600,8000,7650
Naigaon,01-02-2016,1,Other,7500,8700,8500
,02-02-2016,1,Other,7000,8475,8200
,04-02-2016,1,Other,7400,8500,8200
,06-02-2016,1,Other,8000,8275,8100
,09-02-2016,1,Other,7700,8400,8200
,10-02-2016,1,Other,7850,8500,8000
,11-02-2016,1,Other,7300,8500,8200
,12-02-2016,1,Other,7700,8400,8200
,15-02-2016,1,Other,7700,8425,8200
,16-02-2016,1,Other,7700,8200,8100
,18-02-2016,1,Other,7000,8100,7500
,20-02-2016,1,Other,6800,7600,7200
Nanded,01-02-2016,3,Other,7725,8177,7900
,03-02-2016,3,Other,7800,8211,8000
,04-02-2016,1,Other,7899,8079,7919
,06-02-2016,1,Other,7500,8000,7800
,09-02-2016,5,Other,7500,8500,8102
,11-02-2016,1,Other,8052,8435,8199
,13-02-2016,1,Other,7400,8125,7900
,16-02-2016,2,Other,7600,8005,7800
,18-02-2016,1,Other,7700,7900,7700
,26-02-2016,1,Other,7000,7500,7325
Nandgaon,16-02-2016,1,Other,6700,7400,7101
Nandura,01-02-2016,98,Other,7700,8575,8575
,03-02-2016,73,Other,7700,8525,8525
,04-02-2016,43,Other,7700,8451,8451
,05-02-2016,41,Other,7575,8550,8550
,06-02-2016,55,Other,7500,8490,8490
,08-02-2016,75,Other,7700,8725,8725
,10-02-2016,81,Other,7725,8750,8750
,11-02-2016,65,Other,7500,8700,8700
,12-02-2016,71,Other,7491,8600,8600
,13-02-2016,73,Other,7500,8515,8515
,15-02-2016,75,Other,7525,8535,8535
,17-02-2016,73,Other,7505,8275,8275
,20-02-2016,50,Other,7000,7840,7840
,22-02-2016,48,Other,7025,7875,7875
,24-02-2016,45,Other,7505,8195,8195
,25-02-2016,31,Other,7700,8595,8595
,26-02-2016,30,Other,7571,8475,8475
,27-02-2016,23,Other,7500,8320,8320
,29-02-2016,38,Other,7450,8140,8140
Nandurbar,01-02-2016,11,Other,6500,7880,7258
,02-02-2016,3,Other,6500,7200,7200
,03-02-2016,4,Other,6500,7685,7100
,04-02-2016,2,Other,6500,7800,7000
,05-02-2016,2,Other,6200,7271,7000
,08-02-2016,2,Other,7000,8000,7500
,10-02-2016,2,Other,6800,7550,7200
,11-02-2016,1,Other,6850,7680,7200
,15-02-2016,1,Other,7200,7980,7650
,16-02-2016,6,Other,6850,7475,7250
,17-02-2016,2,Other,5405,7805,6910
,18-02-2016,5,Other,5400,7800,6900
,22-02-2016,2,Other,6050,7137,7102
,23-02-2016,7,Other,5700,6900,6200
,25-02-2016,1,Other,6250,7000,7000
,26-02-2016,10,Other,6300,6890,6715
,29-02-2016,2,Other,5950,6870,6560
Nanggaon,01-02-2016,7,Other,6611,7611,7111
,02-02-2016,34,Other,6700,7700,7200
,03-02-2016,12,Other,7200,8200,7700
,04-02-2016,10,Other,7100,8100,7600
,05-02-2016,7,Other,7400,8400,7900
,06-02-2016,12,Other,7150,8150,7650
,08-02-2016,11,Other,7600,8600,8100
,09-02-2016,16,Other,7661,8661,8161
,10-02-2016,18,Other,7510,8510,8010
,11-02-2016,9,Other,7500,8500,8000
,12-02-2016,13,Other,7450,8450,7950
,13-02-2016,10,Other,7301,8301,7801
,15-02-2016,19,Other,7261,8261,7761
,16-02-2016,14,Other,6901,7901,7401
,17-02-2016,8,Other,6913,7913,7413
,18-02-2016,9,Other,6800,7800,7300
,20-02-2016,7,Other,6601,7601,7101
,22-02-2016,7,Other,6400,7400,6900
,23-02-2016,7,Other,6575,7575,7075
,24-02-2016,5,Other,6901,7901,7401
,25-02-2016,7,Other,7159,8159,7659
,26-02-2016,9,Other,6995,7995,7495
,27-02-2016,13,Other,6800,7800,7300
,29-02-2016,7,Other,6720,7720,7220
Navapur,06-02-2016,1,Other,6500,7000,6850
,08-02-2016,1,Other,6200,6500,6285
,13-02-2016,1,Other,6000,6500,6214
,17-02-2016,1,Other,6000,6500,6200
,20-02-2016,1,Other,6000,6500,6300
Ner Parasopant,01-02-2016,5,Other,7900,8200,8000
,02-02-2016,17,Other,7800,8000,7900
,03-02-2016,11,Other,7650,7850,7750
,04-02-2016,11,Other,7750,7950,7800
,05-02-2016,9,Other,7700,7900,7800
,06-02-2016,12,Other,7800,8150,7900
,08-02-2016,7,Other,7600,7925,7800
,09-02-2016,19,Other,8050,8375,8250
,10-02-2016,10,Other,7975,8250,8100
,11-02-2016,12,Other,7900,8100,8000
,12-02-2016,12,Other,7825,8150,8000
,13-02-2016,7,Other,7950,8175,8050
,15-02-2016,7,Other,7700,7900,7800
,16-02-2016,9,Other,7850,7950,7850
,17-02-2016,10,Other,7500,7700,7600
,18-02-2016,7,Other,7425,7790,7600
,20-02-2016,10,Other,7400,7600,7500
,22-02-2016,4,Other,7100,7300,7200
,23-02-2016,6,Other,7000,7200,7100
,24-02-2016,10,Other,7400,7600,7500
,25-02-2016,8,Other,7500,7800,7600
,26-02-2016,7,Other,7900,8100,8000
,27-02-2016,9,Other,7800,8000,7900
,29-02-2016,9,Other,7700,7900,7800
Nilanga,01-02-2016,6,Other,8000,9032,8800
,02-02-2016,7,Other,7500,9016,8500
,05-02-2016,6,Other,7301,8700,8400
,06-02-2016,6,Other,7000,8581,8400
,09-02-2016,5,Other,7820,9151,9000
,10-02-2016,6,Other,8000,9130,8700
,11-02-2016,4,Other,7701,8927,8500
,12-02-2016,5,Other,8001,8800,8600
,13-02-2016,5,Other,8000,8899,8600
,15-02-2016,5,Other,8000,8791,8500
,16-02-2016,5,Other,7500,8751,8500
,17-02-2016,3,Other,7801,8560,8400
,20-02-2016,2,Other,7200,8300,8200
,22-02-2016,2,Other,7000,8400,8200
,23-02-2016,2,Other,7000,8000,7800
,25-02-2016,2,Other,7800,8400,8200
,26-02-2016,2,Other,7000,8400,8000
,29-02-2016,3,Other,7000,8370,8200
Nira(Saswad),10-02-2016,1,Other,6300,7000,6600
Osmanabad,04-02-2016,1,Other,8052,8052,8052
,14-02-2016,1,Other,5000,5000,5000
Pachora,01-02-2016,11,Other,6690,7600,7145
,03-02-2016,8,Other,7151,7700,7425
,05-02-2016,6,Other,6000,7700,6850
,08-02-2016,5,Other,7900,7935,7917
Paithan,02-02-2016,2,Other,7000,8081,7600
,03-02-2016,3,Other,7500,8141,7800
,04-02-2016,1,Other,7050,8100,7900
,05-02-2016,2,Other,7000,8000,7672
,06-02-2016,1,Other,7500,8851,7600
,07-02-2016,3,Other,7600,8000,7900
,09-02-2016,1,Other,7600,8041,8000
,10-02-2016,1,Other,7680,7932,7781
,12-02-2016,1,Other,7300,8076,7780
,15-02-2016,1,Other,6300,7880,7100
,21-02-2016,1,Other,6300,7532,7000
,23-02-2016,1,Other,7000,7391,7200
Palam,03-02-2016,3,Other,8400,8400,8400
Pandhakawada,01-02-2016,9,Other,7000,7500,7300
,02-02-2016,9,Other,7000,7600,7450
,03-02-2016,16,Other,7000,7600,7450
,04-02-2016,6,Other,7400,7600,7500
,05-02-2016,7,Other,7300,7700,7500
,08-02-2016,10,Other,7100,7700,7550
,09-02-2016,11,Other,7100,7700,7500
,10-02-2016,9,Other,7200,8000,7500
,11-02-2016,9,Other,7200,7750,7600
,12-02-2016,17,Other,7200,7800,7600
,15-02-2016,15,Other,7200,7650,7550
,16-02-2016,13,Other,7200,7900,7600
,17-02-2016,14,Other,7250,7750,7500
,18-02-2016,12,Other,7000,7400,7300
,22-02-2016,17,Other,6500,7100,6900
,23-02-2016,12,Other,6500,7200,7000
,24-02-2016,10,Other,6500,7100,6900
,25-02-2016,13,Other,6900,7710,7400
,26-02-2016,9,Other,7000,7675,7450
,29-02-2016,14,Other,6870,7600,7350
Parali Vaijyanath,01-02-2016,5,Other,7575,8600,8300
,05-02-2016,1,Other,7800,8151,8000
,09-02-2016,4,Other,7700,8251,8200
,10-02-2016,2,Other,7600,8551,8225
,11-02-2016,3,Other,7500,8900,8300
,13-02-2016,1,Other,7200,8011,8000
,17-02-2016,2,Other,7000,8011,7950
,22-02-2016,3,Other,7021,7550,7500
,23-02-2016,2,Other,7600,7700,7650
,24-02-2016,1,Other,7050,7500,7200
,25-02-2016,1,Other,7000,7700,7400
,26-02-2016,1,Other,7000,7711,7711
,29-02-2016,1,Other,7551,7700,7551
Paranda,26-02-2016,1,Other,5000,6750,6000
,29-02-2016,1,Other,6000,7000,6500
Parbhani,01-02-2016,2,,NR,NR,NR
,03-02-2016,1,,NR,NR,NR
,04-02-2016,4,Other,7500,7700,7600
,05-02-2016,1,,NR,NR,NR
,06-02-2016,1,,NR,NR,NR
,09-02-2016,3,,NR,NR,NR
,10-02-2016,3,,NR,NR,NR
,11-02-2016,1,,NR,NR,NR
,12-02-2016,4,,NR,NR,NR
,13-02-2016,2,Other,7500,8200,7900
,15-02-2016,2,,NR,NR,NR
,17-02-2016,3,Other,7500,7800,7700
,18-02-2016,2,Other,7000,7600,7400
,20-02-2016,3,Other,6700,7200,7100
,22-02-2016,3,Other,7000,7251,7155
,24-02-2016,2,,NR,NR,NR
,25-02-2016,2,Other,7000,7500,7200
,26-02-2016,1,Other,7200,7700,7700
,27-02-2016,2,Other,7000,7500,7300
,29-02-2016,2,Other,7000,7500,7300
Parshiwani,01-02-2016,11,Other,7000,7500,7300
,10-02-2016,14,Other,7800,8251,8051
,15-02-2016,11,Other,7300,7800,7500
,17-02-2016,11,Other,7200,7600,7400
,26-02-2016,10,Other,6500,7300,7000
,29-02-2016,15,Other,6500,7300,7000
Partur,03-02-2016,10,Other,7300,8055,7750
,04-02-2016,5,Other,7401,8005,7700
,05-02-2016,1,,NR,NR,NR
,06-02-2016,1,,NR,NR,NR
,09-02-2016,1,,NR,NR,NR
,10-02-2016,4,Other,7826,8201,8080
,11-02-2016,2,,NR,NR,NR
,12-02-2016,1,,NR,NR,NR
,13-02-2016,3,Other,7550,8136,7900
,15-02-2016,1,,NR,NR,NR
,16-02-2016,1,,NR,NR,NR
,17-02-2016,1,,NR,NR,NR
,18-02-2016,3,Other,7350,7726,7601
,20-02-2016,2,,NR,NR,NR
,22-02-2016,5,Other,6950,7400,7146
,23-02-2016,1,,NR,NR,NR
,24-02-2016,1,,NR,NR,NR
,25-02-2016,5,Other,7210,7600,7540
,26-02-2016,3,Other,6465,7800,7500
,27-02-2016,2,,NR,NR,NR
,29-02-2016,1,,NR,NR,NR
Pathardi,03-02-2016,1,Other,7000,8000,7500
,23-02-2016,1,Other,7000,7800,7500
Pathari,01-02-2016,6,Other,7001,8050,7701
Patur,05-02-2016,12,Other,8000,8450,8300
,06-02-2016,17,Other,7850,8400,8250
,12-02-2016,8,Other,8000,8450,8350
,13-02-2016,11,Other,8000,8450,8250
,19-02-2016,4,Other,7850,8250,8150
,20-02-2016,20,Other,7850,8250,8150
,26-02-2016,2,Other,7850,8200,8000
,27-02-2016,7,Other,7850,8300,8150
Pulgaon,01-02-2016,18,Other,7000,7825,7500
,02-02-2016,15,Other,6800,7921,7560
,03-02-2016,7,Other,6800,7968,7700
,04-02-2016,5,Other,7200,7845,7650
,05-02-2016,7,Other,6800,8095,7856
,06-02-2016,6,Other,7200,8086,7650
,08-02-2016,7,Other,7300,8400,8185
,09-02-2016,7,Other,7600,8450,8100
,10-02-2016,15,Other,8000,8531,8350
,11-02-2016,16,Other,7000,8500,8350
,13-02-2016,26,Other,7500,8361,7950
,15-02-2016,12,Other,7600,8371,8175
,16-02-2016,17,Other,7520,8322,7950
,17-02-2016,7,Other,7000,8241,7950
,18-02-2016,20,Other,7000,8201,7850
,22-02-2016,14,Other,6500,7800,7650
,23-02-2016,8,Other,7110,7670,7450
,25-02-2016,4,Other,7450,8401,7800
,26-02-2016,17,Other,7700,7921,7800
Purna,04-02-2016,8,Other,7800,8945,8800
,05-02-2016,14,Other,8000,8989,8743
,06-02-2016,6,Other,7780,8899,8300
,08-02-2016,1,Other,7830,8371,8312
,10-02-2016,8,Other,7501,8500,8400
,17-02-2016,2,Other,7610,8121,8045
,18-02-2016,2,Other,7420,7950,7890
Pusad,08-02-2016,71,Other,8080,8705,8500
,10-02-2016,104,Other,8200,8770,8500
,11-02-2016,59,Other,8200,8460,8370
,22-02-2016,41,Other,6500,7795,7530
,24-02-2016,48,Other,7285,8120,7900
,25-02-2016,29,Other,7500,8650,8400
Rahuri(Vambori),05-02-2016,5,Other,6700,7400,7050
,10-02-2016,2,Other,6775,7100,6937
,27-02-2016,1,Other,6601,6601,6601
Rajura,01-02-2016,11,Other,7130,7318,7231
,02-02-2016,3,Other,6900,6975,6915
,03-02-2016,3,Other,7000,7035,7009
,04-02-2016,4,Other,6900,7081,6930
,05-02-2016,4,Other,6800,7179,6910
,06-02-2016,2,Other,7000,7000,7000
,08-02-2016,5,Other,7100,7421,7266
,09-02-2016,4,Other,7450,7561,7522
,10-02-2016,2,Other,7400,7600,7551
,11-02-2016,4,Other,7200,7450,7351
,12-02-2016,2,Other,7200,7200,7200
,13-02-2016,2,Other,7200,7200,7200
,16-02-2016,5,Other,7041,7335,7230
,17-02-2016,5,Other,6853,7180,7000
,18-02-2016,3,Other,6811,7065,7000
,19-02-2016,1,Other,7000,7000,7000
,20-02-2016,1,Other,6800,6800,6800
,22-02-2016,9,Other,6571,6801,6710
,23-02-2016,6,Other,6451,6784,6568
,24-02-2016,6,Other,6451,6990,6691
,25-02-2016,3,Other,6861,7350,7100
,26-02-2016,10,Other,6790,7370,7180
,27-02-2016,1,Other,7300,7300,7300
,29-02-2016,4,Other,6990,7171,7063
Ralegaon,15-02-2016,4,Other,7600,8000,7740
Ramtek,07-02-2016,25,Other,6601,7501,7051
,11-02-2016,15,Other,7101,7801,7451
,14-02-2016,20,Other,7101,7801,7451
,18-02-2016,24,Other,7166,7456,7300
,21-02-2016,12,Other,6280,6900,6590
,25-02-2016,26,Other,5900,7426,6663
,28-02-2016,11,Other,6451,7200,6825
Raver,01-02-2016,4,Other,7100,7500,7300
,02-02-2016,2,Other,6910,7591,7250
,03-02-2016,1,Other,7080,7600,7235
,04-02-2016,3,Other,7040,7451,7210
,06-02-2016,2,Other,6650,7540,7200
,08-02-2016,2,Other,6200,7800,7620
,09-02-2016,2,Other,7380,7900,7600
,10-02-2016,1,Other,7390,7695,7400
,13-02-2016,1,Other,6925,7690,7290
,15-02-2016,2,Other,7340,7640,7540
,16-02-2016,1,Other,6700,7540,7290
,18-02-2016,1,Other,7000,7280,7190
,20-02-2016,1,Other,6770,6900,6860
,23-02-2016,1,Other,6660,6760,6690
,25-02-2016,1,Other,6600,7105,6825
,27-02-2016,1,Other,6500,6926,6700
Risod,01-02-2016,131,Other,6510,8700,7600
,02-02-2016,60,Other,6500,8700,7600
,03-02-2016,35,Other,7000,8700,7850
,05-02-2016,30,Other,7000,8500,7750
,06-02-2016,70,Other,7700,8500,8100
,08-02-2016,30,Other,7000,8700,7850
,09-02-2016,30,Other,7500,8880,8200
,10-02-2016,40,Other,6500,8800,7650
,12-02-2016,50,Other,7000,8775,7850
,13-02-2016,45,Other,8155,8660,8400
,15-02-2016,70,Other,8000,8500,8250
,16-02-2016,70,Other,8000,8420,8200
,17-02-2016,30,Other,6500,8340,7450
,20-02-2016,40,Other,6000,8150,7050
,22-02-2016,93,Other,6075,7850,6950
,23-02-2016,30,Other,6500,8300,7400
,24-02-2016,30,Other,6500,8200,7300
,26-02-2016,36,Other,6400,8300,7350
,27-02-2016,30,Other,6500,8275,7400
,29-02-2016,30,Other,6500,8220,7300
Sakri,02-02-2016,2,Other,5555,7601,5555
,04-02-2016,1,Other,5555,5555,5555
,08-02-2016,1,Other,5353,5353,5353
Samudrapur,07-02-2016,18,Other,7205,7810,7550
,14-02-2016,11,Other,7265,7800,7450
,21-02-2016,11,Other,6745,7355,6840
,28-02-2016,13,Other,6600,7820,7500
Sangamner,05-02-2016,1,Other,7000,7000,7000
,08-02-2016,1,Other,6990,6990,6990
,15-02-2016,1,Other,6500,6500,6500
Sangrampur(Varvatbakal),01-02-2016,11,Other,5000,8000,7800
,06-02-2016,16,Other,6000,8200,7800
,08-02-2016,15,Other,6500,8200,8000
,11-02-2016,12,Other,6000,8200,8000
,13-02-2016,11,Other,5000,8100,7800
,15-02-2016,8,Other,6000,8150,7700
,18-02-2016,8,Other,7000,7750,7500
,25-02-2016,5,Other,6000,7625,7300
,27-02-2016,4,Other,6000,7700,7300
,29-02-2016,3,Other,5200,7700,7400
Savner,01-02-2016,83,Other,6750,7585,7290
,02-02-2016,85,Other,6000,7496,7100
,03-02-2016,46,Other,6275,7441,7000
,04-02-2016,43,Other,6000,8000,7500
,05-02-2016,36,Other,6801,7875,7500
,06-02-2016,70,Other,6200,7952,7400
,08-02-2016,61,Other,6450,7900,7400
,09-02-2016,85,Other,6500,8022,7500
,10-02-2016,71,Other,7200,8263,7900
,11-02-2016,80,Other,6200,8000,7600
,12-02-2016,45,Other,6400,8000,7200
,13-02-2016,72,Other,6200,7800,7000
,15-02-2016,60,Other,6025,7674,6850
,16-02-2016,67,Other,6000,7655,6830
,17-02-2016,50,Other,6000,7675,6840
,18-02-2016,52,Other,6000,7636,6820
,19-02-2016,36,Other,6000,7451,6730
,20-02-2016,52,Other,6000,7339,6670
,22-02-2016,68,Other,6000,7295,6650
,23-02-2016,60,Other,6025,7300,6665
,24-02-2016,67,Other,6195,7600,6900
,25-02-2016,69,Other,6500,8000,7250
,26-02-2016,63,Other,6300,7900,7100
,27-02-2016,62,Other,6200,7764,6982
,29-02-2016,63,Other,6500,7561,7100
Selu,03-02-2016,2,,NR,NR,NR
,06-02-2016,1,,NR,NR,NR
,09-02-2016,3,,NR,NR,NR
,11-02-2016,1,,NR,NR,NR
,13-02-2016,4,Other,6525,8100,7900
Sengoan,01-02-2016,48,Other,8000,8700,8400
,02-02-2016,17,Other,8000,8600,8400
,03-02-2016,15,Other,8300,8550,8450
,04-02-2016,13,Other,8000,8550,8400
,05-02-2016,21,Other,8550,8750,8650
,06-02-2016,33,Other,8000,8600,8300
,08-02-2016,25,Other,8200,8800,8500
,09-02-2016,63,Other,8400,8850,8625
,10-02-2016,23,Other,8300,8750,8500
,11-02-2016,12,Other,8200,8700,8450
,12-02-2016,23,Other,8300,8581,8450
,13-02-2016,20,Other,8200,8500,8350
,15-02-2016,43,Other,8300,8501,8400
,16-02-2016,26,Other,8000,8350,8200
,17-02-2016,25,Other,7900,8250,8100
,18-02-2016,30,Other,7900,8201,8000
,19-02-2016,9,Other,7720,8150,7900
,20-02-2016,21,Other,7500,7950,7700
,22-02-2016,27,Other,7200,7900,7600
,23-02-2016,22,Other,7550,8120,7900
,24-02-2016,12,Other,7800,8175,8000
,25-02-2016,17,Other,7800,8400,8100
,26-02-2016,24,Other,7925,8425,8150
,27-02-2016,17,Other,7800,8300,8100
,29-02-2016,17,Other,7850,8226,8150
Shahada,01-02-2016,1,Other,6300,7000,6500
,02-02-2016,2,Other,6099,7801,7499
,03-02-2016,2,Other,6200,8051,7599
,08-02-2016,4,Other,6600,7582,6899
,09-02-2016,1,Other,6581,7851,7399
,10-02-2016,1,Other,6900,7890,7600
,11-02-2016,1,Other,7300,7712,7501
,12-02-2016,1,Other,7381,7788,7501
,15-02-2016,1,Other,7300,7780,7351
,17-02-2016,1,Other,7000,7399,7181
,18-02-2016,1,Other,7301,7401,7301
,22-02-2016,1,Other,6050,7501,7100
,23-02-2016,1,Other,6510,7052,7000
,24-02-2016,1,Other,5000,6800,6371
,25-02-2016,1,Other,6000,6750,6351
,26-02-2016,1,Other,6500,7500,7000
,29-02-2016,1,Other,6852,7375,7200
Shegaon,01-02-2016,34,Other,7550,8300,7925
,02-02-2016,13,Other,7850,8225,8035
,03-02-2016,20,Other,8000,8225,8110
,04-02-2016,21,Other,7850,8275,8060
,05-02-2016,24,Other,8000,8225,8110
,06-02-2016,24,Other,7200,8275,7735
,08-02-2016,30,Other,7650,8450,8050
,09-02-2016,14,Other,7950,8575,8260
,10-02-2016,17,Other,8000,8825,8410
,11-02-2016,16,Other,8000,8500,8250
,12-02-2016,26,Other,7650,8050,7850
,13-02-2016,28,Other,8000,8825,8410
,15-02-2016,23,Other,7650,8100,7875
,16-02-2016,25,Other,7000,8200,7600
,17-02-2016,17,Other,7650,8240,7945
,18-02-2016,19,Other,7000,7750,7375
,20-02-2016,21,Other,7000,7850,7425
,22-02-2016,14,Other,7000,7750,7375
,23-02-2016,14,Other,7000,7975,7485
,24-02-2016,12,Other,7250,8050,7650
,25-02-2016,14,Other,7650,8250,7950
,26-02-2016,18,Other,7650,8175,7910
,27-02-2016,12,Other,7550,8205,7877
,29-02-2016,15,Other,7450,8065,7755
Shevgaon,01-02-2016,1,Other,8000,8000,8000
,02-02-2016,1,Other,7800,7800,7800
,03-02-2016,5,Other,7000,7600,7500
,05-02-2016,3,Other,6900,7600,7600
,08-02-2016,3,Other,7300,7800,7800
,09-02-2016,4,Other,7600,8000,8000
,15-02-2016,1,Other,7500,7500,7500
,16-02-2016,1,Other,7500,7500,7500
,20-02-2016,1,Other,7200,7200,7200
,21-02-2016,1,Other,8000,8000,8000
,22-02-2016,1,Other,6800,7500,7500
,27-02-2016,1,Other,6800,6800,6800
,29-02-2016,1,Other,6800,7000,7000
Shevgaon(Bodhegaon),01-02-2016,1,Other,8000,8200,8200
,02-02-2016,1,Other,8000,8200,8200
,03-02-2016,1,Other,7600,8000,8000
,04-02-2016,1,Other,7600,7600,7600
,05-02-2016,1,Other,7000,7000,7000
,06-02-2016,1,Other,7500,7500,7500
,10-02-2016,1,Other,7500,7600,7600
,11-02-2016,1,Other,7500,7600,7600
,12-02-2016,1,Other,7500,7600,7600
,16-02-2016,1,Other,7000,7500,7500
,17-02-2016,1,Other,7500,7500,7500
,22-02-2016,1,Other,6700,7200,7200
,24-02-2016,1,Other,6700,7000,7000
Shirpur,04-02-2016,3,Other,4700,7776,7125
,05-02-2016,2,Other,6000,8425,7075
,09-02-2016,1,Other,6600,8751,7049
,10-02-2016,1,Other,5825,7751,7075
,11-02-2016,1,Other,5000,7650,7010
,12-02-2016,1,Other,6650,8425,7020
,15-02-2016,2,Other,5801,8551,7500
,18-02-2016,1,Other,6000,8000,7201
,22-02-2016,2,Other,5000,7076,6751
Sillod,01-02-2016,1,Other,6500,7500,7000
,04-02-2016,1,Other,6500,7500,7000
,06-02-2016,7,Other,7500,8500,8000
,07-02-2016,3,Other,7500,8500,8000
,08-02-2016,2,Other,7500,8500,8000
,25-02-2016,1,Other,6500,7500,7000
Sillod(Bharadi),06-02-2016,1,Other,6800,7778,7289
,13-02-2016,5,Other,6800,7600,7200
,20-02-2016,4,Other,6500,7000,6750
,27-02-2016,1,Other,6500,7500,7000
Sindi,01-02-2016,7,Other,7200,8250,7890
,02-02-2016,8,Other,7200,8000,7800
,03-02-2016,9,Other,7000,8000,7600
,08-02-2016,13,Other,7000,8000,7500
,10-02-2016,9,Other,7000,8250,7850
,12-02-2016,15,Other,7000,8115,7800
,13-02-2016,9,Other,7000,8150,7750
,16-02-2016,8,Other,7000,7800,7400
,20-02-2016,5,Other,7000,7880,7500
,24-02-2016,11,Other,6000,7500,6500
,26-02-2016,10,Other,7000,7880,7625
Sindi(Selu),01-02-2016,43,Other,7200,8000,7700
,03-02-2016,43,Other,7500,8000,7700
,04-02-2016,28,Other,7000,7705,7350
,05-02-2016,20,Other,7400,7800,7550
,06-02-2016,22,Other,7325,7960,7550
,08-02-2016,45,Other,7200,8250,7900
,11-02-2016,32,Other,7000,8315,7400
,12-02-2016,31,Other,7000,8115,7550
,13-02-2016,20,Other,7000,8165,7550
,15-02-2016,37,Other,7000,8105,7500
,17-02-2016,60,Other,7000,7500,7200
,20-02-2016,67,Other,6000,7400,6700
,22-02-2016,45,Other,6000,7500,6800
,24-02-2016,50,Other,6200,7890,6800
,25-02-2016,29,Other,6500,7400,7200
,26-02-2016,29,Other,6500,7200,6800
,27-02-2016,15,Other,6500,7200,6850
Sinner,14-02-2016,1,Other,6000,7051,6800
,21-02-2016,1,Other,5800,6651,6300
Solapur,03-02-2016,2,Other,7100,9100,7700
,04-02-2016,1,Other,7301,8000,7508
,05-02-2016,2,Other,7901,7901,7901
,06-02-2016,1,Other,7400,9300,9100
,08-02-2016,2,Other,7500,9200,8275
,09-02-2016,1,Other,8020,9401,8070
,10-02-2016,1,Other,7745,9370,8200
,11-02-2016,1,Other,7000,9350,8367
,12-02-2016,4,Other,7401,9200,8600
,13-02-2016,1,Other,7874,8126,7980
,15-02-2016,2,Other,7778,7926,7908
,16-02-2016,2,Other,7000,9000,8100
,17-02-2016,10,Other,7000,9150,8001
,18-02-2016,4,Other,6060,9100,7500
,25-02-2016,4,Other,7100,8350,8200
Sonpeth,01-02-2016,8,Other,6900,8743,8000
,03-02-2016,3,Other,7000,8400,7850
,05-02-2016,4,Other,7099,8177,8100
,10-02-2016,14,Other,7000,8411,8000
,15-02-2016,3,Other,7201,8300,7750
,18-02-2016,8,Other,7500,7900,7700
,26-02-2016,2,Other,7000,8000,7520
,29-02-2016,1,Other,7299,8031,7670
Taloda,01-02-2016,4,Other,7000,8500,8300
,02-02-2016,3,Other,7000,8500,8300
,04-02-2016,2,Other,7000,7500,7200
,05-02-2016,3,Other,7000,8000,7300
,08-02-2016,6,Other,7000,8000,7500
,09-02-2016,3,Other,7000,8000,7300
,10-02-2016,2,Other,7000,8000,7300
,11-02-2016,2,Other,7000,8200,7900
,12-02-2016,2,Other,7000,8000,7500
,15-02-2016,9,Other,6500,7800,7500
,16-02-2016,1,Other,7000,8000,7500
,17-02-2016,5,Other,7000,8000,7500
,18-02-2016,2,Other,7000,8000,7200
,22-02-2016,2,Other,6500,8000,7500
,24-02-2016,10,Other,7000,8000,7500
,25-02-2016,2,Other,7300,7300,7300
,29-02-2016,4,Other,7000,8000,7500
Telhara,02-02-2016,50,Other,7800,8250,8025
,04-02-2016,25,Other,7250,8200,7700
,06-02-2016,30,Other,7200,8000,7600
,09-02-2016,30,Other,7350,8220,7750
,11-02-2016,15,Other,7650,8225,7925
,13-02-2016,30,Other,7100,8100,7500
,16-02-2016,50,Other,7000,8050,7025
,18-02-2016,20,Other,7500,8000,7750
,20-02-2016,30,Other,7000,7600,7300
,23-02-2016,30,Other,7100,7500,7300
,25-02-2016,25,Other,7000,7400,7200
,27-02-2016,30,Other,7500,7900,7700
Tuljapur,01-02-2016,1,,NR,NR,NR
,02-02-2016,1,,NR,NR,NR
,04-02-2016,1,,NR,NR,NR
,11-02-2016,1,,NR,NR,NR
,12-02-2016,1,,NR,NR,NR
,16-02-2016,1,,NR,NR,NR
,18-02-2016,1,Other,7600,7600,7600
Tumsar,04-02-2016,1,Other,7000,7000,7000
,08-02-2016,1,Other,7001,7001,7001
,11-02-2016,1,Other,6901,7001,6952
,24-02-2016,1,Other,6500,7001,6850
,27-02-2016,2,Other,6500,7100,6700
,29-02-2016,1,Other,5500,6500,6101
Udgir,02-02-2016,140,Other,8000,8965,8965
,03-02-2016,135,Other,8811,9051,9051
,04-02-2016,100,Other,8088,9050,9050
,05-02-2016,110,Other,8961,9073,9073
,06-02-2016,80,Other,8900,9076,9076
,07-02-2016,90,Other,8000,9000,9000
,09-02-2016,85,Other,8500,9200,9200
,10-02-2016,110,Other,8500,9200,9200
,11-02-2016,90,Other,8630,8950,8950
,12-02-2016,115,Other,8700,9100,9100
,13-02-2016,105,Other,8700,8961,8961
,14-02-2016,80,Other,8650,8850,8850
,16-02-2016,110,Other,8586,8800,8800
,18-02-2016,100,Other,8559,8681,8681
,20-02-2016,80,Other,8315,8450,8450
,21-02-2016,120,Other,8000,8451,8451
,23-02-2016,125,Other,8003,8450,8450
,24-02-2016,80,Other,8300,8487,8487
,25-02-2016,100,Other,8100,8530,8530
,26-02-2016,110,Other,8230,8600,8600
,27-02-2016,50,Other,8200,8610,8610
,28-02-2016,140,Other,8500,8600,8550
Umared,04-02-2016,74,Other,7500,8530,8200
,06-02-2016,71,Other,6300,7400,7100
,11-02-2016,49,Other,6800,7900,7200
,13-02-2016,64,Other,7000,7800,7300
,18-02-2016,13,Other,6600,7495,7200
,20-02-2016,12,Other,6500,7500,7200
,25-02-2016,25,Other,6200,7200,6900
,27-02-2016,92,Other,6600,7535,7300
Umarga,01-02-2016,2,Other,8200,8900,8500
,02-02-2016,1,Other,7600,8601,8300
,03-02-2016,2,Other,8001,8601,8351
,05-02-2016,2,Other,8000,8650,8400
,06-02-2016,1,Other,8000,8400,8300
,09-02-2016,1,Other,6000,8600,8400
,10-02-2016,1,Other,8111,8500,8280
,11-02-2016,1,Other,8101,8500,8430
,12-02-2016,1,Other,7400,8635,8300
,13-02-2016,1,Other,8200,8600,8400
,15-02-2016,1,Other,8101,8500,8200
,16-02-2016,1,Other,7775,8200,8000
,17-02-2016,1,Other,7800,8360,8191
,23-02-2016,1,Other,7300,7500,7401
,26-02-2016,1,Other,7100,8000,7700
,27-02-2016,1,Other,7300,7900,7700
,29-02-2016,1,Other,7000,7850,7800
Umari,01-02-2016,2,Other,8000,8400,8200
,03-02-2016,2,Other,7800,8250,8025
,04-02-2016,1,Other,7500,8200,7850
,05-02-2016,1,Other,7500,8200,7850
,07-02-2016,3,Other,7200,8100,7650
,11-02-2016,2,Other,7700,8250,7975
,12-02-2016,3,Other,7600,8400,8000
,17-02-2016,1,Other,7400,7865,7632
,18-02-2016,1,Other,7400,8000,7700
,19-02-2016,2,Other,7400,8000,7700
,21-02-2016,1,Other,7100,7500,7300
,24-02-2016,2,Other,7250,7800,7525
,25-02-2016,1,Other,7500,8100,7800
Umarked(Danki),04-02-2016,7,Other,8000,8500,8300
,06-02-2016,13,Other,8000,8500,8300
,08-02-2016,14,Other,8000,8400,8300
,10-02-2016,6,Other,8000,8400,8300
,13-02-2016,14,Other,8000,8300,8200
,15-02-2016,9,Other,8000,8300,8200
,16-02-2016,13,Other,8000,8400,8300
,18-02-2016,15,Other,8000,8400,8300
,21-02-2016,12,Other,7000,7500,7300
,22-02-2016,18,Other,7000,7500,7300
,23-02-2016,7,Other,7000,7500,7300
,24-02-2016,17,Other,7000,7500,7300
,29-02-2016,10,Other,7000,7500,7300
Umarkhed,02-02-2016,5,Other,8000,8500,8300
,10-02-2016,7,Other,8000,8400,8300
,18-02-2016,7,Other,8000,8400,8300
,19-02-2016,9,Other,8000,8400,8300
Vadvani,04-02-2016,1,Other,7300,8000,7700
,11-02-2016,1,Other,7200,7700,7600
,22-02-2016,1,Other,6500,7700,7500
,27-02-2016,1,Other,6000,7200,6500
Vaijpur,02-02-2016,2,Other,7325,7750,7500
,03-02-2016,3,Other,7381,7892,7609
,04-02-2016,3,Other,7073,7900,7401
,05-02-2016,2,Other,7390,7801,7660
,06-02-2016,1,Other,7600,7988,7850
,09-02-2016,3,Other,7650,7989,7853
,10-02-2016,1,Other,7001,7970,7755
,11-02-2016,1,Other,7410,8000,7866
,12-02-2016,4,Other,7335,7900,7777
,13-02-2016,1,Other,7891,7891,7891
,16-02-2016,2,Other,7220,7981,7799
,17-02-2016,1,Other,7145,7352,7275
,18-02-2016,2,Other,7119,7300,7232
,20-02-2016,2,Other,6710,7005,6911
,24-02-2016,2,Other,6750,7211,7005
,25-02-2016,3,Other,6761,7200,6991
,27-02-2016,1,Other,6600,7100,7000
Vani,01-02-2016,28,Other,7430,7800,7650
,02-02-2016,15,Other,6500,7720,7640
,03-02-2016,12,Other,6500,7800,7400
,04-02-2016,15,Other,7300,7865,7599
,05-02-2016,5,Other,7345,8000,7850
,09-02-2016,13,Other,7675,8200,8030
,10-02-2016,17,Other,7695,8315,8026
,11-02-2016,24,Other,7300,8255,7884
,12-02-2016,47,Other,7605,8150,7835
,15-02-2016,29,Other,7225,7900,7628
,16-02-2016,22,Other,7100,7830,7507
,17-02-2016,21,Other,7400,7750,7508
,18-02-2016,13,Other,6500,7500,7297
,22-02-2016,16,Other,6700,7200,6904
,23-02-2016,12,Other,6400,7435,7130
,24-02-2016,16,Other,7200,7700,7527
,25-02-2016,10,Other,7465,7895,7720
,26-02-2016,19,Other,7205,7855,7537
,29-02-2016,25,Other,7205,7655,7367
Varora,01-02-2016,65,Other,6500,7800,7150
,02-02-2016,60,Other,6500,7650,7075
,03-02-2016,50,Other,7000,7750,7375
,04-02-2016,25,Other,6500,8000,7250
,05-02-2016,30,Other,7000,8150,7575
,08-02-2016,45,Other,7000,8200,7600
,09-02-2016,40,Other,7000,8550,7775
,10-02-2016,43,Other,7000,8300,7650
,11-02-2016,40,Other,7000,8200,7600
,12-02-2016,30,Other,7000,8300,7650
,15-02-2016,50,Other,7000,8100,7550
,16-02-2016,39,Other,7000,7900,7450
,17-02-2016,30,Other,7000,7800,7400
,18-02-2016,80,Other,7000,7400,7200
,22-02-2016,25,Other,6500,7045,6750
,23-02-2016,25,Other,6500,7400,6950
,24-02-2016,24,Other,7500,8100,7800
,25-02-2016,24,Other,7500,8100,7800
,26-02-2016,60,Other,7200,8100,7650
,29-02-2016,55,Other,7000,7800,7400
Varud(Rajura Bazar),04-02-2016,30,Other,6200,7800,7480
Wardha,01-02-2016,100,Other,7200,8120,8120
,02-02-2016,57,Other,7400,8080,8080
,03-02-2016,59,Other,7550,8325,8325
,04-02-2016,38,Other,7450,8200,8200
,05-02-2016,36,Other,7500,8040,8040
,08-02-2016,54,Other,7650,8400,8400
,09-02-2016,51,Other,7600,8500,8500
,10-02-2016,60,Other,7750,8420,8420
,11-02-2016,43,Other,7775,8450,8450
,12-02-2016,51,Other,7600,8500,8500
,15-02-2016,37,Other,7500,8050,8050
,16-02-2016,46,Other,7550,8150,8150
,17-02-2016,61,Other,7350,8255,8255
,18-02-2016,47,Other,7400,8000,8000
,22-02-2016,66,Other,6500,7700,7700
,23-02-2016,42,Other,7300,7800,7800
,24-02-2016,27,Other,7300,8000,8000
,25-02-2016,28,Other,8000,9000,9000
,26-02-2016,66,Other,7500,8385,8385
,29-02-2016,51,Other,7500,8500,8500
Washim,03-02-2016,115,Other,8000,8855,8650
,04-02-2016,121,Other,8100,8900,8600
,05-02-2016,117,Other,8200,8900,8620
,08-02-2016,154,Other,8200,8800,8300
,09-02-2016,158,Other,8500,9051,8750
,10-02-2016,139,Other,8400,8976,8650
,11-02-2016,146,Other,8400,8900,8650
,12-02-2016,125,Other,8100,8750,8250
,13-02-2016,135,Other,8200,8750,8500
,15-02-2016,138,Other,8100,8700,8375
,16-02-2016,153,Other,8100,8600,8400
,22-02-2016,170,Other,7600,8000,7900
,23-02-2016,115,Other,8000,8345,8100
,24-02-2016,107,Other,8100,8660,8200
,26-02-2016,213,Other,8000,8600,8200
Yeotmal,01-02-2016,107,Other,7500,8305,7990
,02-02-2016,71,Other,7000,8105,7590
,03-02-2016,42,Other,7500,8280,7600
,04-02-2016,35,Other,7500,8200,7890
,05-02-2016,78,Other,7500,8150,7850
,08-02-2016,66,Other,7500,8585,8050
,09-02-2016,69,Other,7500,8700,8125
,10-02-2016,109,Other,7500,8580,8070
,11-02-2016,90,Other,7700,8400,7980
,12-02-2016,107,Other,7500,8310,8070
,15-02-2016,83,Other,7500,8100,8050
,16-02-2016,113,Other,7500,8000,7770
,17-02-2016,63,Other,7500,8500,8020
,18-02-2016,105,Other,7500,8200,7880
,22-02-2016,112,Other,7600,8400,8010
,23-02-2016,65,Other,7500,8500,8150
,24-02-2016,40,Other,7400,8300,7895
,25-02-2016,71,Other,7500,8400,8150
,26-02-2016,51,Other,7500,8500,8100
,29-02-2016,101,Other,7000,8100,7590
ZariZamini,01-02-2016,3,Other,7560,7795,7724
,02-02-2016,262,Other,7050,7420,7269
,03-02-2016,1,Other,7300,7400,7342
,04-02-2016,3,Other,7295,7490,7404
,05-02-2016,2,Other,7100,7400,7293
,06-02-2016,1,Other,7100,7450,7316
,08-02-2016,1,Other,7290,7470,7371
,09-02-2016,2,Other,7100,7615,7510
,10-02-2016,1,Other,7400,7660,7496
,11-02-2016,1,Other,7500,7645,7543
,12-02-2016,1,Other,7300,7315,7306
,16-02-2016,2,Other,6495,7250,6925
,18-02-2016,1,Other,6490,7050,6848
,23-02-2016,2,Other,6300,6655,6541
,24-02-2016,2,Other,6600,7050,6869
,26-02-2016,1,Other,6650,7200,7062
